party_primary,primary_date,state,district,first_name,last_name,middle_name,suffix,race,gender,result,opponent(s),incumbent,notes,party (if top-two system),race source if not Ballotpedia profile
DEMOCRATIC,6/2/2020,ID,1,STANIELA,NIKOLOVA,,,WHITE,WOMAN,LOST,YES,NO,,,
DEMOCRATIC,6/2/2020,ID,1,RUDY,SOTO,,,OTHER,MAN,WON,YES,NO,NATIVE AMERICAN,,
DEMOCRATIC,6/2/2020,ID,2,AARON,SWISHER,,,WHITE,MAN,WON,NO,NO,,,
REPUBLICAN,6/2/2020,ID,1,RUSS,FULCHER,,,WHITE,MAN,WON,YES,YES,,,
REPUBLICAN,6/2/2020,ID,1,NICHOLAS,JONES,,,WHITE,MAN,LOST,YES,NO,,,
REPUBLICAN,6/2/2020,ID,2,MICHAEL,SIMPSON,K,,WHITE,MAN,WON,YES,YES,,,
REPUBLICAN,6/2/2020,ID,2,KEVIN,RHOADES,,,WHITE,MAN,LOST,YES,NO,,,https://www.ballotready.org/people/kevin-rhoades
DEMOCRATIC,6/2/2020,IN,1,MELISSA,BOROM,A,,BLACK,WOMAN,LOST,YES,NO,,,https://www.ballotready.org/people/melissa-a-borom
DEMOCRATIC,6/2/2020,IN,1,CARRIE,CASTRO,,,HISPANIC,WOMAN,LOST,YES,NO,,,https://www.nwitimes.com/carrie-castro/article_f317d25c-4890-5526-beec-b03be9cc2e61.html
DEMOCRATIC,6/2/2020,IN,1,SCOTT,COSTELLO,,,WHITE,MAN,LOST,YES,NO,,,
DEMOCRATIC,6/2/2020,IN,1,ANTONIO,DAGGETT,,SR,BLACK,MAN,LOST,YES,NO,,,
DEMOCRATIC,6/2/2020,IN,1,RYAN,FARRAR,,,WHITE,MAN,LOST,YES,NO,,,
DEMOCRATIC,6/2/2020,IN,1,SABRINA,HAAKE,,,WHITE,WOMAN,LOST,YES,NO,,,
DEMOCRATIC,6/2/2020,IN,1,JOHN,HALL,,,NOT_FOUND,MAN,LOST,YES,NO,,,
DEMOCRATIC,6/2/2020,IN,1,JIM,HARPER,,,WHITE,MAN,LOST,YES,NO,,,
DEMOCRATIC,6/2/2020,IN,1,THOMAS,MCDERMOTT,,JR,WHITE,MAN,LOST,YES,NO,,,
DEMOCRATIC,6/2/2020,IN,1,WENDELL,MOSBY,,,BLACK,MAN,LOST,YES,NO,,,https://www.ballotready.org/people/wendell-mosby
DEMOCRATIC,6/2/2020,IN,1,FRANK,MRVAN,,,WHITE,MAN,WON,YES,NO,,,
DEMOCRATIC,6/2/2020,IN,1,MARA,REARDON,CANDELARIA,,HISPANIC,WOMAN,LOST,YES,NO,,,
DEMOCRATIC,6/2/2020,IN,1,JAYSON,REEVES,,,NOT_FOUND,MAN,LOST,YES,NO,,,
DEMOCRATIC,6/2/2020,IN,1,ANDREW,SYLWESTROWICZ,,,NOT_FOUND,MAN,LOST,YES,NO,,,
DEMOCRATIC,6/2/2020,IN,2,PAT,HACKETT,,,WHITE,WOMAN,WON,YES,NO,,,
DEMOCRATIC,6/2/2020,IN,2,ELLEN,MARKS,,,WHITE,WOMAN,LOST,YES,NO,,,
DEMOCRATIC,6/2/2020,IN,3,CHIP,COLDIRON,,,WHITE,MAN,WON,YES,NO,,,
DEMOCRATIC,6/2/2020,IN,3,JEAN-PAUL,KALONJI,,,BLACK,MAN,LOST,YES,NO,,,
DEMOCRATIC,6/2/2020,IN,3,CARLOS,MARCANO,,,HISPANIC,MAN,LOST,YES,NO,,,
DEMOCRATIC,6/2/2020,IN,3,TOMMY,SCHRADER,,,WHITE,MAN,LOST,YES,NO,,,https://www.wane.com/news/local-news/former-fort-wayne-mayoral-candidate-tommy-schrader-to-serve-jail-time/
DEMOCRATIC,6/2/2020,IN,4,BENJAMIN,FREDERICK,,,NOT_FOUND,MAN,LOST,YES,NO,,,
DEMOCRATIC,6/2/2020,IN,4,JOE,MACKEY,,,WHITE,MAN,WON,YES,NO,,,
DEMOCRATIC,6/2/2020,IN,4,HOWARD,POLLCHIK,,,NOT_FOUND,MAN,LOST,YES,NO,,,
DEMOCRATIC,6/2/2020,IN,4,VERONIKKA,ZIOL,,,WHITE,WOMAN,LOST,YES,NO,,,https://www.facebook.com/Ziol4IN4/
DEMOCRATIC,6/2/2020,IN,5,JENNIFER,CHRISTIE,,,WHITE,WOMAN,LOST,YES,NO,,,
DEMOCRATIC,6/2/2020,IN,5,CHRISTINA,HALE,,,WHITE,WOMAN,WON,YES,NO,,,
DEMOCRATIC,6/2/2020,IN,5,ANDY,JACOBS,,,WHITE,MAN,LOST,YES,NO,,,https://fox59.com/news/politics/in-focus-andy-jacobs-running-for-congress-in-5th-district/
DEMOCRATIC,6/2/2020,IN,5,RALPH,SPELBRING,,,WHITE,MAN,LOST,YES,NO,,,https://www.ralphspelbring.com/home/
DEMOCRATIC,6/2/2020,IN,5,DEE,THORNTON,,,BLACK,WOMAN,LOST,YES,NO,,,
DEMOCRATIC,6/2/2020,IN,6,GEORGE,HOLLAND,THOMAS,,WHITE,MAN,LOST,YES,NO,,,
DEMOCRATIC,6/2/2020,IN,6,JEANNINE,LAKE,LEE,,BLACK,WOMAN,WON,YES,NO,,,
DEMOCRATIC,6/2/2020,IN,6,BARRY,WELSH,,,WHITE,MAN,LOST,YES,NO,,,
DEMOCRATIC,6/2/2020,IN,7,ANDRE,CARSON,,,BLACK,MAN,WON,YES,YES,,,
DEMOCRATIC,6/2/2020,IN,7,PIERRE,PULLINS,QUINCY,,BLACK,MAN,LOST,YES,NO,,,
DEMOCRATIC,6/2/2020,IN,8,RON,DRAKE,,,WHITE,MAN,LOST,YES,NO,,,
DEMOCRATIC,6/2/2020,IN,8,THOMASINA,MARSILI,,,OTHER,WOMAN,WON,YES,NO,,,
DEMOCRATIC,6/2/2020,IN,8,MIKE,WEBSTER,,,WHITE,MAN,LOST,YES,NO,,,
DEMOCRATIC,6/2/2020,IN,9,D,DORRIS,LIAM,,WHITE,MAN,LOST,YES,NO,,,
DEMOCRATIC,6/2/2020,IN,9,BRANDON,HOOD,,,WHITE,MAN,LOST,YES,NO,,,
DEMOCRATIC,6/2/2020,IN,9,JAMES,O'GABHANN,,III,WHITE,MAN,LOST,YES,NO,,,https://www.heraldtimesonline.com/story/news/local/2020/03/12/la-candidate-says-its-easier-for-him-to-win-9th-district-than-a-hoosier/116001542/
DEMOCRATIC,6/2/2020,IN,9,MARK,POWELL,J,,WHITE,MAN,LOST,YES,NO,,,
DEMOCRATIC,6/2/2020,IN,9,ANDY,RUFF,,,WHITE,MAN,WON,YES,NO,,,
REPUBLICAN,6/2/2020,IN,1,DION,BERGERON,,,WHITE,MAN,LOST,YES,NO,,,
REPUBLICAN,6/2/2020,IN,1,MONT,HANDLEY,,,WHITE,MAN,LOST,YES,NO,,,
REPUBLICAN,6/2/2020,IN,1,SPENCER,LEMMONS,,,WHITE,MAN,LOST,YES,NO,,,
REPUBLICAN,6/2/2020,IN,1,MARK,LEYVA,,,HISPANIC,MAN,WON,YES,NO,,,
REPUBLICAN,6/2/2020,IN,1,WILLIAM,POWERS,,,WHITE,MAN,LOST,YES,NO,,,https://www.facebook.com/Powers4Congress/
REPUBLICAN,6/2/2020,IN,1,DELANO,SCAIFE,,,BLACK,MAN,LOST,YES,NO,,,https://www.facebook.com/DelanoScaife4Indiana/
REPUBLICAN,6/2/2020,IN,2,JACKIE,WALORSKI,,,WHITE,WOMAN,WON,YES,YES,,,
REPUBLICAN,6/2/2020,IN,2,CHRISTOPHER,DAVIS,,,WHITE,MAN,LOST,YES,NO,,,
REPUBLICAN,6/2/2020,IN,3,JIM,BANKS,,,WHITE,MAN,WON,YES,YES,,,
REPUBLICAN,6/2/2020,IN,3,CHRIS,MAGIERA,,,WHITE,MAN,LOST,YES,NO,,,
REPUBLICAN,6/2/2020,IN,4,JIM,BAIRD,,,WHITE,MAN,WON,NO,YES,,,
REPUBLICAN,6/2/2020,IN,5,KENT,ABERNATHY,,,WHITE,MAN,LOST,YES,NO,,,
REPUBLICAN,6/2/2020,IN,5,ANDREW,BALES,,,WHITE,MAN,LOST,YES,NO,,,
REPUBLICAN,6/2/2020,IN,5,MICAH,BECKWITH,,,WHITE,MAN,LOST,YES,NO,,,
REPUBLICAN,6/2/2020,IN,5,CARL,BRIZZI,,,WHITE,MAN,LOST,YES,NO,,,
REPUBLICAN,6/2/2020,IN,5,ALLEN,DAVIDSON,,,WHITE,MAN,LOST,YES,NO,,,
REPUBLICAN,6/2/2020,IN,5,CHUCK,DIETZEN,,,WHITE,MAN,LOST,YES,NO,,,
REPUBLICAN,6/2/2020,IN,5,BETH,HENDERSON,,,WHITE,WOMAN,LOST,YES,NO,,,
REPUBLICAN,6/2/2020,IN,5,MATTHEW,HOOK,,,WHITE,MAN,LOST,YES,NO,,,
REPUBLICAN,6/2/2020,IN,5,MATTHEW,HULLINGER,,,WHITE,MAN,LOST,YES,NO,,,
REPUBLICAN,6/2/2020,IN,5,KELLY,MITCHELL,,,WHITE,WOMAN,LOST,YES,NO,,,
REPUBLICAN,6/2/2020,IN,5,DANNY,NIEDERBERGER,,,WHITE,MAN,LOST,YES,NO,,,
REPUBLICAN,6/2/2020,IN,5,MARK,SMALL,,,WHITE,MAN,LOST,YES,NO,,,
REPUBLICAN,6/2/2020,IN,5,VICTORIA,SPARTZ,,,WHITE,WOMAN,WON,YES,NO,,,
REPUBLICAN,6/2/2020,IN,5,RUSSELL,STWALLEY,,,WHITE,MAN,LOST,YES,NO,,,
REPUBLICAN,6/2/2020,IN,5,VICTOR,WAKLEY,,,WHITE,MAN,LOST,YES,NO,,,
REPUBLICAN,6/2/2020,IN,6,GREG,PENCE,,,WHITE,MAN,WON,YES,YES,,,
REPUBLICAN,6/2/2020,IN,6,MIKE,CAMPBELL,,,NOT_FOUND,MAN,LOST,YES,NO,,,
REPUBLICAN,6/2/2020,IN,7,JON,DAVIS,,,NOT_FOUND,MAN,LOST,YES,NO,,,
REPUBLICAN,6/2/2020,IN,7,DOUGLAS,MERRILL,,,NOT_FOUND,MAN,LOST,YES,NO,,,
REPUBLICAN,6/2/2020,IN,7,JD,MINIEAR,,,WHITE,MAN,LOST,YES,NO,,,
REPUBLICAN,6/2/2020,IN,7,MARTIN,RAMEY,,,NOT_FOUND,MAN,LOST,YES,NO,,,
REPUBLICAN,6/2/2020,IN,7,SUSAN,SMITH,MARIE,,WHITE,WOMAN,WON,YES,NO,,,
REPUBLICAN,6/2/2020,IN,7,GERALD,WALTERS,,,WHITE,MAN,LOST,YES,NO,,,
REPUBLICAN,6/2/2020,IN,8,LARRY,BUCSHON,,,WHITE,MAN,WON,NO,YES,,,
REPUBLICAN,6/2/2020,IN,9,TREY,HOLLINGSWORTH,,,WHITE,MAN,WON,NO,YES,,,
DEMOCRATIC,6/2/2020,IA,1,ABBY,FINKENAUER,,,WHITE,WOMAN,WON,NO,YES,,,
DEMOCRATIC,6/2/2020,IA,2,RITA,HART,,,WHITE,WOMAN,WON,NO,NO,,,
DEMOCRATIC,6/2/2020,IA,3,CINDY,AXNE,,,WHITE,WOMAN,WON,NO,YES,,,
DEMOCRATIC,6/2/2020,IA,4,JD,SCHOLTEN,,,WHITE,MAN,WON,NO,NO,,,
REPUBLICAN,6/2/2020,IA,1,THOMAS,HANSEN,,,WHITE,MAN,LOST,YES,NO,,,
REPUBLICAN,6/2/2020,IA,1,ASHLEY,HINSON,,,WHITE,WOMAN,WON,YES,NO,,,
REPUBLICAN,6/2/2020,IA,2,TIM,BORCHARDT,,,WHITE,MAN,LOST,YES,NO,,,https://dailyiowan.com/2023/10/08/candidate-tim-borchardt-hopes-to-bring-new-viewpoints-to-iowa-city-city-council/
REPUBLICAN,6/2/2020,IA,2,STEVEN,EVERLY,,,WHITE,MAN,LOST,YES,NO,,,https://cbs2iowa.com/news/beyond-the-podium/profile-steven-everly
REPUBLICAN,6/2/2020,IA,2,MARIANNETTE,MILLER-MEEKS,,,WHITE,WOMAN,WON,YES,NO,,,
REPUBLICAN,6/2/2020,IA,2,RICKY,PHILLIPS,LEE,,WHITE,MAN,LOST,YES,NO,,,https://www.desmoinesregister.com/story/news/politics/2020/04/13/2nd-district-republican-calls-islam-muslim-religious-status-revoked-constitution/2985988001/
REPUBLICAN,6/2/2020,IA,2,ROBERT,SCHILLING,T,,WHITE,MAN,LOST,YES,NO,,,
REPUBLICAN,6/2/2020,IA,3,BILL,SCHAFER,,,WHITE,MAN,LOST,YES,NO,,,
REPUBLICAN,6/2/2020,IA,3,DAVID,YOUNG,,,WHITE,MAN,WON,YES,NO,,,
REPUBLICAN,6/2/2020,IA,4,STEVE,KING,,,WHITE,MAN,LOST,YES,YES,,,
REPUBLICAN,6/2/2020,IA,4,RANDY,FEENSTRA,,,WHITE,MAN,WON,YES,NO,,,
REPUBLICAN,6/2/2020,IA,4,STEVE,REEDER,,,WHITE,MAN,LOST,YES,NO,,,
REPUBLICAN,6/2/2020,IA,4,BRET,RICHARDS,,,WHITE,MAN,LOST,YES,NO,,,
REPUBLICAN,6/2/2020,IA,4,JEREMY,TAYLOR,,,WHITE,MAN,LOST,YES,NO,,,
DEMOCRATIC,6/2/2020,MD,1,ALLISON,GALBRAITH,,,WHITE,WOMAN,WITHDREW,YES,NO,,,
DEMOCRATIC,6/2/2020,MD,1,MIA,MASON,,,WHITE,WOMAN,WON,YES,NO,,,
DEMOCRATIC,6/2/2020,MD,1,JENNIFER,PINGLEY,,,WHITE,WOMAN,LOST,YES,NO,,,https://www.myeasternshoremd.com/kent_county_news/news/pingley-we-want-your-vote-not-your-money/article_cab95be9-c62c-5ee5-ae49-af7d16c95a76.html
DEMOCRATIC,6/2/2020,MD,2,DUTCH,RUPPERSBERGER,,,WHITE,MAN,WON,YES,YES,,,
DEMOCRATIC,6/2/2020,MD,2,MICHAEL,FELDMAN,,,NOT_FOUND,MAN,LOST,YES,NO,,,
DEMOCRATIC,6/2/2020,MD,2,JAKE,PRETOT,,,WHITE,MAN,LOST,YES,NO,,,
DEMOCRATIC,6/2/2020,MD,3,JOHN,SARBANES,,,WHITE,MAN,WON,YES,YES,,,
DEMOCRATIC,6/2/2020,MD,3,JOSEPH,ARDITO,,,WHITE,MAN,LOST,YES,NO,,,
DEMOCRATIC,6/2/2020,MD,3,JOHN,REA,,,WHITE,MAN,LOST,YES,NO,,,https://www.youtube.com/watch?v=bBtU8Mvgbbk
DEMOCRATIC,6/2/2020,MD,4,ANTHONY,BROWN,G,,BLACK,MAN,WON,YES,YES,,,
DEMOCRATIC,6/2/2020,MD,4,SHEILA,BRYANT,,,BLACK,WOMAN,LOST,YES,NO,,,
DEMOCRATIC,6/2/2020,MD,4,KIM,SHELTON,,,BLACK,WOMAN,LOST,YES,NO,,,
DEMOCRATIC,6/2/2020,MD,5,STENY,HOYER,,,WHITE,MAN,WON,YES,YES,,,
DEMOCRATIC,6/2/2020,MD,5,WILLIAM,DEVINE,,III,WHITE,MAN,LOST,YES,NO,,,
DEMOCRATIC,6/2/2020,MD,5,VANESSA,HOFFMAN,MARIE,,NOT_FOUND,WOMAN,LOST,YES,NO,,,
DEMOCRATIC,6/2/2020,MD,5,BRIANA,URBINA,,,BLACK,WOMAN,WITHDREW,YES,NO,,,
DEMOCRATIC,6/2/2020,MD,5,MCKAYLA,WILKES,,,BLACK,WOMAN,LOST,YES,NO,,,
DEMOCRATIC,6/2/2020,MD,6,DAVID,TRONE,,,WHITE,MAN,WON,YES,YES,,,
DEMOCRATIC,6/2/2020,MD,6,MAXWELL,BERO,,,WHITE,MAN,LOST,YES,NO,,,
DEMOCRATIC,6/2/2020,MD,7,KWEISI,MFUME,,,BLACK,MAN,WON,YES,YES,,,
DEMOCRATIC,6/2/2020,MD,7,T,BAKER,DAN,,WHITE,MAN,LOST,YES,NO,,,
DEMOCRATIC,6/2/2020,MD,7,ALICIA,BROWN,,,NOT_FOUND,WOMAN,LOST,YES,NO,,,
DEMOCRATIC,6/2/2020,MD,7,JILL,CARTER,,,BLACK,WOMAN,LOST,YES,NO,,,
DEMOCRATIC,6/2/2020,MD,7,MATKO,CHULLIN,LEE,III,NOT_FOUND,NOT_FOUND,LOST,YES,NO,,,
DEMOCRATIC,6/2/2020,MD,7,JERMYN,DAVIDSON,MICHAEL,,NOT_FOUND,MAN,LOST,YES,NO,,,
DEMOCRATIC,6/2/2020,MD,7,DARRYL,GONZALEZ,,,NOT_FOUND,MAN,LOST,YES,NO,,,
DEMOCRATIC,6/2/2020,MD,7,MARK,GOSNELL,,,WHITE,MAN,LOST,YES,NO,,,
DEMOCRATIC,6/2/2020,MD,7,DAN,HIEGEL,,,NOT_FOUND,MAN,LOST,YES,NO,,,
DEMOCRATIC,6/2/2020,MD,7,MICHAEL,HOWARD,,JR,NOT_FOUND,MAN,LOST,YES,NO,,,
DEMOCRATIC,6/2/2020,MD,7,JAY,JALISI,,,ASIAN,MAN,LOST,YES,NO,,,
DEMOCRATIC,6/2/2020,MD,7,ADRIAN,PETRUS,,,WHITE,MAN,LOST,YES,NO,,,
DEMOCRATIC,6/2/2020,MD,7,SAAFIR,RABB,,,BLACK,MAN,LOST,YES,NO,,,
DEMOCRATIC,6/2/2020,MD,7,MAYA,CUMMINGS,ROCKEYMOORE,,BLACK,WOMAN,LOST,YES,NO,,,
DEMOCRATIC,6/2/2020,MD,7,GARY,SCHUMAN,,,WHITE,MAN,LOST,YES,NO,,,
DEMOCRATIC,6/2/2020,MD,7,CHARLES,SMITH,,,BLACK,MAN,LOST,YES,NO,,,
DEMOCRATIC,6/2/2020,MD,7,HARRY,SPIKES,,,BLACK,MAN,LOST,YES,NO,,,
DEMOCRATIC,6/2/2020,MD,7,CHARLES,STOKES,,,NOT_FOUND,MAN,LOST,YES,NO,,,
DEMOCRATIC,6/2/2020,MD,7,JEFFREY,WOODARD,,,BLACK,MAN,LOST,YES,NO,,,
DEMOCRATIC,6/2/2020,MD,8,JAMIE,RASKIN,,,WHITE,MAN,WON,YES,YES,,,
DEMOCRATIC,6/2/2020,MD,8,MARCIA,MORGAN,,,NOT_FOUND,WOMAN,LOST,YES,NO,,,
DEMOCRATIC,6/2/2020,MD,8,UTAM,PAUL,,,ASIAN,MAN,LOST,YES,NO,,,https://x.com/utam_paul
DEMOCRATIC,6/2/2020,MD,8,LIH,YOUNG,,,ASIAN,WOMAN,LOST,YES,NO,,,
REPUBLICAN,6/2/2020,MD,1,ANDREW,HARRIS,,,WHITE,MAN,WON,YES,YES,,,
REPUBLICAN,6/2/2020,MD,1,JORGE,DELGADO,,,WHITE,MAN,LOST,YES,NO,,,https://www.youtube.com/watch?v=dJJcFIlgMWQ
REPUBLICAN,6/2/2020,MD,2,SCOTT,COLLIER,,,WHITE,MAN,LOST,YES,NO,,,
REPUBLICAN,6/2/2020,MD,2,TIM,FAZENBAKER,,,WHITE,MAN,LOST,YES,NO,,,
REPUBLICAN,6/2/2020,MD,2,RICK,IMPALLARIA,,,WHITE,MAN,LOST,YES,NO,,,
REPUBLICAN,6/2/2020,MD,2,GENEVIEVE,MORRIS,,,WHITE,WOMAN,LOST,YES,NO,,,
REPUBLICAN,6/2/2020,MD,2,JOHNNY,SALLING,RAY,,WHITE,MAN,WON,YES,NO,,,
REPUBLICAN,6/2/2020,MD,2,JIM,SIMPSON,,,WHITE,MAN,LOST,YES,NO,,,
REPUBLICAN,6/2/2020,MD,2,BLAINE,TAYLOR,,,WHITE,MAN,LOST,YES,NO,,,
REPUBLICAN,6/2/2020,MD,3,CHARLES,ANTHONY,,,WHITE,MAN,WON,YES,NO,,,
REPUBLICAN,6/2/2020,MD,3,THOMAS,HARRIS,,,BLACK,MAN,LOST,YES,NO,,,https://justfacts.votesmart.org/candidate/biography/101880/thomas-harris
REPUBLICAN,6/2/2020,MD,3,REBA,HAWKINS,,,BLACK,WOMAN,LOST,YES,NO,,,
REPUBLICAN,6/2/2020,MD,3,JOSHUA,MORALES,,,WHITE,MAN,LOST,YES,NO,,,
REPUBLICAN,6/2/2020,MD,3,ROB,SEYFFERTH,,,NOT_FOUND,MAN,LOST,YES,NO,,,
REPUBLICAN,6/2/2020,MD,4,NNABU,EZE,,,BLACK,MAN,LOST,YES,NO,,,
REPUBLICAN,6/2/2020,MD,4,ERIC,LOEB,,,WHITE,MAN,LOST,YES,NO,,,https://more4md4.org/
REPUBLICAN,6/2/2020,MD,4,GEORGE,MCDERMOTT,,,WHITE,MAN,WON,YES,NO,,,
REPUBLICAN,6/2/2020,MD,5,BRYAN,CUBERO,DUVAL,,HISPANIC,MAN,LOST,YES,NO,,,https://www.somdnews.com/enterprise/news/local/gop-for-5th-congressional-district-answer-questions/article_ca1fdf8a-a10f-54b2-9d32-78ec07910695.html
REPUBLICAN,6/2/2020,MD,5,LEE,HAVIS,,,WHITE,MAN,LOST,YES,NO,,,
REPUBLICAN,6/2/2020,MD,5,KENNETH,LEE,,,WHITE,MAN,LOST,YES,NO,,,
REPUBLICAN,6/2/2020,MD,5,CHRIS,PALOMBI,,,WHITE,MAN,WON,YES,NO,,,
REPUBLICAN,6/2/2020,MD,5,DOUGLAS,SAYERS,,,WHITE,MAN,LOST,YES,NO,,,
REPUBLICAN,6/2/2020,MD,6,KEVIN,CALDWELL,,,WHITE,MAN,LOST,YES,NO,,,
REPUBLICAN,6/2/2020,MD,6,CHRIS,MEYYUR,,,ASIAN,MAN,LOST,YES,NO,,,
REPUBLICAN,6/2/2020,MD,6,NEIL,PARROTT,,,WHITE,MAN,WON,YES,NO,,,
REPUBLICAN,6/2/2020,MD,7,RAY,BLY,,,WHITE,MAN,LOST,YES,NO,,,
REPUBLICAN,6/2/2020,MD,7,BRIAN,BROWN,,,NOT_FOUND,MAN,LOST,YES,NO,,,
REPUBLICAN,6/2/2020,MD,7,KIM,KLACIK,,,BLACK,WOMAN,WON,YES,NO,,,
REPUBLICAN,6/2/2020,MD,7,M.J.,MADWOLF,,,NOT_FOUND,NOT_FOUND,LOST,YES,NO,,,
REPUBLICAN,6/2/2020,MD,7,ELIZABETH,MATORY,,,BLACK,WOMAN,LOST,YES,NO,,,
REPUBLICAN,6/2/2020,MD,7,WILLIAM,NEWTON,,,WHITE,MAN,LOST,YES,NO,,,
REPUBLICAN,6/2/2020,MD,8,GREGORY,COLL,,,WHITE,MAN,WON,YES,NO,,,
REPUBLICAN,6/2/2020,MD,8,BRIDGETTE,COOPER,,,BLACK,WOMAN,LOST,YES,NO,,,
REPUBLICAN,6/2/2020,MD,8,NICHOLAS,GLADDEN,,,WHITE,MAN,LOST,YES,NO,,,
REPUBLICAN,6/2/2020,MD,8,PATRICIA,ROGERS,,,BLACK,WOMAN,LOST,YES,NO,,,https://www.facebook.com/PatriciaRogersforCongress/
REPUBLICAN,6/2/2020,MD,8,SHELLY,SKOLNICK,,,WHITE,MAN,LOST,YES,NO,,,
REPUBLICAN,6/2/2020,MD,8,MICHAEL,YADETA,,,BLACK,MAN,LOST,YES,NO,,,
DEMOCRATIC,6/2/2020,MT,1,KATHLEEN,WILLIAMS,,,WHITE,WOMAN,WON,YES,NO,AT-LARGE DISTRICT,,
DEMOCRATIC,6/2/2020,MT,1,TOM,WINTER,,,WHITE,MAN,LOST,YES,NO,AT-LARGE DISTRICT,,
REPUBLICAN,6/2/2020,MT,1,MATT,ROSENDALE,,,WHITE,MAN,WON,YES,NO,AT-LARGE DISTRICT,,
REPUBLICAN,6/2/2020,MT,1,COREY,STAPLETON,,,WHITE,MAN,LOST,YES,NO,AT-LARGE DISTRICT,,
REPUBLICAN,6/2/2020,MT,1,DEBRA,LAMM,,,WHITE,WOMAN,LOST,YES,NO,AT-LARGE DISTRICT,,
REPUBLICAN,6/2/2020,MT,1,JOE,DOOLING,,,WHITE,MAN,LOST,YES,NO,AT-LARGE DISTRICT,,
REPUBLICAN,6/2/2020,MT,1,MARK,MCGINLEY,,,WHITE,MAN,LOST,YES,NO,AT-LARGE DISTRICT,,
REPUBLICAN,6/2/2020,MT,1,JOHN,EVANKOVICH,,,NOT_FOUND,MAN,LOST,YES,NO,AT-LARGE DISTRICT,,
DEMOCRATIC,6/2/2020,NM,1,DEBRA,HAALAND,,,OTHER,WOMAN,WON,NO,YES,NATIVE AMERICAN,,
DEMOCRATIC,6/2/2020,NM,2,XOCHITL,SMALL,TORRES,,HISPANIC,WOMAN,WON,NO,YES,,,
DEMOCRATIC,6/2/2020,NM,3,JOHN,BLAIR,,,WHITE,MAN,LOST,YES,NO,,,
DEMOCRATIC,6/2/2020,NM,3,TERESA,FERNANDEZ,LEGER,,HISPANIC,WOMAN,WON,YES,NO,,,
DEMOCRATIC,6/2/2020,NM,3,LAURA,MONTOYA,,,HISPANIC,WOMAN,LOST,YES,NO,,,
DEMOCRATIC,6/2/2020,NM,3,VALERIE,PLAME,,,WHITE,WOMAN,LOST,YES,NO,,,
DEMOCRATIC,6/2/2020,NM,3,JOSEPH,SANCHEZ,,,HISPANIC,MAN,LOST,YES,NO,,,
DEMOCRATIC,6/2/2020,NM,3,MARCO,SERNA,,,WHITE,MAN,LOST,YES,NO,,,
DEMOCRATIC,6/2/2020,NM,3,KYLE,TISDEL,,,WHITE,MAN,LOST,YES,NO,,,
REPUBLICAN,6/2/2020,NM,1,MICHELLE,HOLMES,GARCIA,,HISPANIC,WOMAN,WON,YES,NO,,,
REPUBLICAN,6/2/2020,NM,1,BRETT,KOKINADIS,,,WHITE,MAN,LOST,YES,NO,,,
REPUBLICAN,6/2/2020,NM,1,JARED,DUSSEN,VANDER,,WHITE,MAN,LOST,YES,NO,,,
REPUBLICAN,6/2/2020,NM,2,CLAIRE,CHASE,,,WHITE,WOMAN,LOST,YES,NO,,,
REPUBLICAN,6/2/2020,NM,2,YVETTE,HERRELL,,,WHITE,WOMAN,WON,YES,NO,,,
REPUBLICAN,6/2/2020,NM,2,CHRIS,MATHYS,,,WHITE,MAN,LOST,YES,NO,,,
REPUBLICAN,6/2/2020,NM,3,KAREN,BEDONIE,,,ASIAN,WOMAN,LOST,YES,NO,,,
REPUBLICAN,6/2/2020,NM,3,ALEXIS,JOHNSON,MARTINEZ,,HISPANIC,WOMAN,WON,YES,NO,,,
REPUBLICAN,6/2/2020,NM,3,HARRY,MONTOYA,,,HISPANIC,MAN,LOST,YES,NO,,,
REPUBLICAN,6/2/2020,NM,3,ANGELA,MORALES,GALE,,WHITE,WOMAN,LOST,YES,NO,,,
DEMOCRATIC,6/2/2020,PA,1,CHRISTINA,FINELLO,,,WHITE,WOMAN,WON,YES,NO,,,
DEMOCRATIC,6/2/2020,PA,1,SKYLAR,HURWITZ,,,WHITE,MAN,LOST,YES,NO,,,
DEMOCRATIC,6/2/2020,PA,2,BRENDAN,BOYLE,,,WHITE,MAN,WON,NO,YES,,,
DEMOCRATIC,6/2/2020,PA,3,DWIGHT,EVANS,,,BLACK,MAN,WON,NO,YES,,,
DEMOCRATIC,6/2/2020,PA,4,MADELEINE,DEAN,,,WHITE,WOMAN,WON,NO,YES,,,
DEMOCRATIC,6/2/2020,PA,5,MARY,SCANLON,GAY,,WHITE,WOMAN,WON,NO,YES,,,
DEMOCRATIC,6/2/2020,PA,6,CHRISSY,HOULAHAN,,,WHITE,WOMAN,WON,NO,YES,,,
DEMOCRATIC,6/2/2020,PA,7,SUSAN,WILD,,,WHITE,WOMAN,WON,NO,YES,,,
DEMOCRATIC,6/2/2020,PA,8,MATT,CARTWRIGHT,,,WHITE,MAN,WON,NO,YES,,,
DEMOCRATIC,6/2/2020,PA,9,LAURA,QUICK,,,WHITE,WOMAN,LOST,YES,NO,,,
DEMOCRATIC,6/2/2020,PA,9,GARY,WEGMAN,,,WHITE,MAN,WON,YES,NO,,,
DEMOCRATIC,6/2/2020,PA,10,TOM,BRIER,,,WHITE,MAN,LOST,YES,NO,,,
DEMOCRATIC,6/2/2020,PA,10,EUGENE,DEPASQUALE,,,WHITE,MAN,WON,YES,NO,,,
DEMOCRATIC,6/2/2020,PA,11,PAUL,DAIGLE,,,WHITE,MAN,LOST,YES,NO,,,
DEMOCRATIC,6/2/2020,PA,11,SARAH,HAMMOND,,,WHITE,WOMAN,WON,YES,NO,,,
DEMOCRATIC,6/2/2020,PA,12,LEE,GRIFFIN,,,WHITE,MAN,WON,NO,NO,,,
DEMOCRATIC,6/2/2020,PA,13,TODD,ROWLEY,,,WHITE,MAN,WON,NO,NO,,,
DEMOCRATIC,6/2/2020,PA,14,WILLIAM,MARX,,,WHITE,MAN,WON,NO,NO,,,
DEMOCRATIC,6/2/2020,PA,15,ROBERT,WILLIAMS,,,BLACK,MAN,WON,NO,NO,,,
DEMOCRATIC,6/2/2020,PA,16,KRISTY,GNIBUS,,,WHITE,WOMAN,WON,YES,NO,,,
DEMOCRATIC,6/2/2020,PA,16,LUISA,SONNEK,,,WHITE,WOMAN,LOST,YES,NO,,,
DEMOCRATIC,6/2/2020,PA,17,CONOR,LAMB,,,WHITE,MAN,WON,NO,YES,,,
DEMOCRATIC,6/2/2020,PA,18,MICHAEL,DOYLE,,,WHITE,MAN,WON,YES,YES,,,
DEMOCRATIC,6/2/2020,PA,18,JERRY,DICKINSON,,,BLACK,MAN,LOST,YES,NO,,,
REPUBLICAN,6/2/2020,PA,1,BRIAN,FITZPATRICK,,,WHITE,MAN,WON,YES,YES,,,
REPUBLICAN,6/2/2020,PA,1,ANDREW,MEEHAN,,,WHITE,MAN,LOST,YES,NO,,,
REPUBLICAN,6/2/2020,PA,2,DAVID,TORRES,,,WHITE,MAN,WON,NO,NO,,,
REPUBLICAN,6/2/2020,PA,3,MICHAEL,HARVEY,,,BLACK,MAN,WON,NO,NO,,,
REPUBLICAN,6/2/2020,PA,4,KATHY,BARNETTE,,,BLACK,WOMAN,WON,NO,NO,,,
REPUBLICAN,6/2/2020,PA,5,ROBERT,JORDAN,,,WHITE,MAN,LOST,YES,NO,,,
REPUBLICAN,6/2/2020,PA,5,DASHA,PRUETT,,,WHITE,WOMAN,WON,YES,NO,,,
REPUBLICAN,6/2/2020,PA,6,JOHN,EMMONS,,,WHITE,MAN,WON,NO,NO,,,
REPUBLICAN,6/2/2020,PA,7,DEAN,BROWNING,,,WHITE,MAN,LOST,YES,NO,,,
REPUBLICAN,6/2/2020,PA,7,LISA,SCHELLER,,,WHITE,WOMAN,WON,YES,NO,,,
REPUBLICAN,6/2/2020,PA,8,JIM,BOGNET,,,WHITE,MAN,WON,YES,NO,,,
REPUBLICAN,6/2/2020,PA,8,MIKEL,CAMMISA,,,WHITE,MAN,LOST,YES,NO,,,https://www.timesleader.com/news/772203/cammisa-in-six-way-bid-for-gops-8th-district-nod
REPUBLICAN,6/2/2020,PA,8,TEDDY,DANIELS,,,WHITE,MAN,LOST,YES,NO,,,
REPUBLICAN,6/2/2020,PA,8,EARL,GRANVILLE,,,WHITE,MAN,LOST,YES,NO,,,https://www.politicspa.com/pa8-decorated-war-veteran-launches-bid-against-cartwright/
REPUBLICAN,6/2/2020,PA,8,HARRY,HAAS,,,WHITE,MAN,LOST,YES,NO,,,
REPUBLICAN,6/2/2020,PA,8,MIKE,MARSICANO,,,WHITE,MAN,LOST,YES,NO,,,
REPUBLICAN,6/2/2020,PA,9,DAN,MEUSER,,,WHITE,MAN,WON,NO,YES,,,
REPUBLICAN,6/2/2020,PA,10,SCOTT,PERRY,,,WHITE,MAN,WON,NO,YES,,,
REPUBLICAN,6/2/2020,PA,11,LLOYD,SMUCKER,,,WHITE,MAN,WON,NO,YES,,,
REPUBLICAN,6/2/2020,PA,12,FRED,KELLER,,,WHITE,MAN,WON,NO,YES,,,
REPUBLICAN,6/2/2020,PA,13,JOHN,JOYCE,,,WHITE,MAN,WON,NO,YES,,,
REPUBLICAN,6/2/2020,PA,14,GUY,RESCHENTHALER,,,WHITE,MAN,WON,NO,YES,,,
REPUBLICAN,6/2/2020,PA,15,GLENN,THOMPSON,,,WHITE,MAN,WON,NO,YES,,,
REPUBLICAN,6/2/2020,PA,16,MIKE,KELLY,,,WHITE,MAN,WON,NO,YES,,,
REPUBLICAN,6/2/2020,PA,17,SEAN,PARNELL,,,WHITE,MAN,WON,NO,NO,,,
REPUBLICAN,6/2/2020,PA,18,LUKE,NEGRON,,,WHITE,MAN,WON,YES,NO,,,
REPUBLICAN,6/2/2020,PA,18,KIM,MACK,,,BLACK,WOMAN,LOST,YES,NO,,,https://www.facebook.com/kimmackforcongress/
REPUBLICAN,6/2/2020,SD,1,DUSTY,JOHNSON,,,WHITE,MAN,WON,YES,YES,AT-LARGE DISTRICT,,
REPUBLICAN,6/2/2020,SD,1,ELIZABETH,MAY,,,WHITE,WOMAN,LOST,YES,NO,,,
DEMOCRATIC,6/9/2020,GA,1,JOYCE,GRIGGS,MARIE,,BLACK,WOMAN,WON,YES,NO,,,
DEMOCRATIC,6/9/2020,GA,1,LISA,RING,,,WHITE,WOMAN,WON,YES,NO,,,
DEMOCRATIC,6/9/2020,GA,1,BARBARA,SEIDMAN,,,BLACK,WOMAN,LOST,YES,NO,,,
DEMOCRATIC,6/9/2020,GA,2,SANFORD,BISHOP,,JR,BLACK,MAN,WON,NO,YES,,,
DEMOCRATIC,6/9/2020,GA,3,VAL,ALMONORD,,,BLACK,MAN,WON,NO,NO,,,
DEMOCRATIC,6/9/2020,GA,4,HANK,JOHNSON,,,BLACK,MAN,WON,YES,YES,,,
DEMOCRATIC,6/9/2020,GA,4,WILLIAM,HASTON,,,NOT_FOUND,MAN,LOST,YES,NO,,,
DEMOCRATIC,6/9/2020,GA,4,ELAINE,NIETMANN,,,BLACK,WOMAN,LOST,YES,NO,,,
DEMOCRATIC,6/9/2020,GA,5,JOHN,LEWIS,,,BLACK,MAN,WON,YES,YES,,,
DEMOCRATIC,6/9/2020,GA,5,BARRINGTON,MARTIN,,II,BLACK,MAN,LOST,YES,NO,,,
DEMOCRATIC,6/9/2020,GA,6,LUCY,MCBATH,,,BLACK,WOMAN,WON,NO,YES,,,
DEMOCRATIC,6/9/2020,GA,7,CAROLYN,BOURDEAUX,,,WHITE,WOMAN,WON,YES,NO,,,
DEMOCRATIC,6/9/2020,GA,7,JOHN,EAVES,,,WHITE,MAN,LOST,YES,NO,,,
DEMOCRATIC,6/9/2020,GA,7,NABILAH,PARKES,ISLAM,,ASIAN,WOMAN,LOST,YES,NO,,,
DEMOCRATIC,6/9/2020,GA,7,ZAHRA,KARINSHAK,,,OTHER,WOMAN,LOST,YES,NO,,,
DEMOCRATIC,6/9/2020,GA,7,BRENDA,ROMERO,LOPEZ,,HISPANIC,WOMAN,LOST,YES,NO,,,
DEMOCRATIC,6/9/2020,GA,7,RASHID,MALIK,,,ASIAN,MAN,LOST,YES,NO,,,
DEMOCRATIC,6/9/2020,GA,8,LINDSAY,HOLLIDAY,,,WHITE,MAN,WON,NO,NO,,,
DEMOCRATIC,6/9/2020,GA,9,DEVIN,PANDY,,,BLACK,MAN,WON,YES,NO,,,
DEMOCRATIC,6/9/2020,GA,9,BROOKE,SISKIN,,,WHITE,WOMAN,WON,YES,NO,,,https://921wlhr.com/democratic-candidates-offer-views-on-pandemic-healthcare/
DEMOCRATIC,6/9/2020,GA,9,DAN,WILSON,,,WHITE,MAN,LOST,YES,NO,,,
DEMOCRATIC,6/9/2020,GA,10,ANDREW,FERGUSON,,,WHITE,MAN,LOST,YES,NO,,,
DEMOCRATIC,6/9/2020,GA,10,TABITHA,JOHNSON-GREEN,,,BLACK,WOMAN,WON,YES,NO,,,
DEMOCRATIC,6/9/2020,GA,11,DANA,BARRETT,,,WHITE,WOMAN,WON,NO,NO,,,
DEMOCRATIC,6/9/2020,GA,12,LIZ,JOHNSON,,,BLACK,WOMAN,WON,YES,NO,,,
DEMOCRATIC,6/9/2020,GA,12,DAN,STEINER,,,WHITE,MAN,LOST,YES,NO,,,https://x.com/steinercongress
DEMOCRATIC,6/9/2020,GA,13,DAVID,SCOTT,,,BLACK,MAN,WON,YES,YES,,,
DEMOCRATIC,6/9/2020,GA,13,MICHAEL,OWENS,,,BLACK,MAN,LOST,YES,NO,,,
DEMOCRATIC,6/9/2020,GA,13,JANNQUELL,PETERS,,,BLACK,WOMAN,LOST,YES,NO,,,
DEMOCRATIC,6/9/2020,GA,13,KEISHA,WAITES,SEAN,,BLACK,WOMAN,LOST,YES,NO,,,
DEMOCRATIC,6/9/2020,GA,14,KEVIN,AUSDAL,VAN,,WHITE,MAN,WON,NO,NO,,,
REPUBLICAN,6/9/2020,GA,1,EARL,CARTER,,,WHITE,MAN,WON,YES,YES,,,
REPUBLICAN,6/9/2020,GA,1,DANIEL,MERRITT,,,WHITE,MAN,LOST,YES,NO,,,
REPUBLICAN,6/9/2020,GA,1,KEN,YASGER,,,WHITE,MAN,LOST,YES,NO,,,https://thebrunswicknews.com/special_sections/voters_guide/ken-yasger/article_1596632d-4e6f-549c-9600-0d16fcf6ae3e.html
REPUBLICAN,6/9/2020,GA,2,VIVIAN,CHILDS,,,BLACK,WOMAN,LOST,YES,NO,,,
REPUBLICAN,6/9/2020,GA,2,DONALD,COLE,,,WHITE,MAN,WON,YES,NO,,,
REPUBLICAN,6/9/2020,GA,3,DREW,FERGUSON,,,WHITE,MAN,WON,NO,YES,,,
REPUBLICAN,6/9/2020,GA,4,JOHSIE,FLETCHER,CRUZ,,HISPANIC,WOMAN,WON,NO,NO,,,
REPUBLICAN,6/9/2020,GA,5,ANGELA,KING,STANTON,,BLACK,WOMAN,WON,NO,NO,,,
REPUBLICAN,6/9/2020,GA,6,MYKEL,BARTHELEMY,LYNN,,BLACK,WOMAN,LOST,YES,NO,,,
REPUBLICAN,6/9/2020,GA,6,KAREN,HANDEL,,,WHITE,WOMAN,WON,YES,NO,,,
REPUBLICAN,6/9/2020,GA,6,BLAKE,HARBIN,,,WHITE,MAN,LOST,YES,NO,,,
REPUBLICAN,6/9/2020,GA,6,JOE,PROFIT,,,BLACK,MAN,LOST,YES,NO,,,
REPUBLICAN,6/9/2020,GA,6,PAULETTE,SMITH,,,BLACK,WOMAN,LOST,YES,NO,,,
REPUBLICAN,6/9/2020,GA,7,LISA,BABBAGE,,,BLACK,WOMAN,LOST,YES,NO,,,
REPUBLICAN,6/9/2020,GA,7,MARK,GONSALVES,,,WHITE,MAN,LOST,YES,NO,,,
REPUBLICAN,6/9/2020,GA,7,LYNNE,HOMRICH,,,WHITE,WOMAN,LOST,YES,NO,,,
REPUBLICAN,6/9/2020,GA,7,ZACHARY,KENNEMORE,,,WHITE,MAN,LOST,YES,NO,,,
REPUBLICAN,6/9/2020,GA,7,RICH,MCCORMICK,,,WHITE,MAN,WON,YES,NO,,,
REPUBLICAN,6/9/2020,GA,7,RENEE,UNTERMAN,,,WHITE,WOMAN,LOST,YES,NO,,,
REPUBLICAN,6/9/2020,GA,7,EUGENE,YU,,,ASIAN,MAN,LOST,YES,NO,,,
REPUBLICAN,6/9/2020,GA,8,AUSTIN,SCOTT,,,WHITE,MAN,WON,YES,YES,,,
REPUBLICAN,6/9/2020,GA,8,ROBERT,DEAN,VANCE,,NOT_FOUND,MAN,LOST,YES,NO,,,
REPUBLICAN,6/9/2020,GA,8,DANIEL,ELLYSON,,,WHITE,MAN,LOST,YES,NO,,,
REPUBLICAN,6/9/2020,GA,9,MICHAEL,BOGGUS,,,WHITE,MAN,LOST,YES,NO,,,
REPUBLICAN,6/9/2020,GA,9,PAUL,BROUN,C,,WHITE,MAN,LOST,YES,NO,,,
REPUBLICAN,6/9/2020,GA,9,ANDREW,CLYDE,,,WHITE,MAN,WON,YES,NO,,,
REPUBLICAN,6/9/2020,GA,9,MATT,GURTLER,,,WHITE,MAN,WON,YES,NO,,,
REPUBLICAN,6/9/2020,GA,9,MARIA,STRICKLAND,,,WHITE,WOMAN,LOST,YES,NO,,,https://www.facebook.com/Strickland4Congress/
REPUBLICAN,6/9/2020,GA,9,KEVIN,TANNER,,,WHITE,MAN,LOST,YES,NO,,,
REPUBLICAN,6/9/2020,GA,9,ETHAN,UNDERWOOD,,,WHITE,MAN,LOST,YES,NO,,,
REPUBLICAN,6/9/2020,GA,9,KELLIE,WEEKS,,,WHITE,WOMAN,LOST,YES,NO,,,
REPUBLICAN,6/9/2020,GA,9,JOHN,WILKINSON,,,WHITE,MAN,LOST,YES,NO,,,
REPUBLICAN,6/9/2020,GA,10,JODY,HICE,,,WHITE,MAN,WON,NO,YES,,,
REPUBLICAN,6/9/2020,GA,11,BARRY,LOUDERMILK,,,WHITE,MAN,WON,NO,YES,,,
REPUBLICAN,6/9/2020,GA,12,RICK,ALLEN,,,WHITE,MAN,WON,NO,YES,,,
REPUBLICAN,6/9/2020,GA,13,CAESAR,GONZALES,,,HISPANIC,MAN,LOST,YES,NO,,,
REPUBLICAN,6/9/2020,GA,13,BECKY,HITES,E,,WHITE,WOMAN,WON,YES,NO,,,
REPUBLICAN,6/9/2020,GA,14,JOHN,BARGE,,,WHITE,MAN,LOST,YES,NO,,,
REPUBLICAN,6/9/2020,GA,14,BEN,BULLOCK,,,WHITE,MAN,LOST,YES,NO,,,
REPUBLICAN,6/9/2020,GA,14,KEVIN,COOKE,,,WHITE,MAN,LOST,YES,NO,,,
REPUBLICAN,6/9/2020,GA,14,JOHN,COWAN,,,WHITE,MAN,WON,YES,NO,,,
REPUBLICAN,6/9/2020,GA,14,CLAYTON,FULLER,,,WHITE,MAN,LOST,YES,NO,,,
REPUBLICAN,6/9/2020,GA,14,MARJORIE,GREENE,TAYLOR,,WHITE,WOMAN,WON,YES,NO,,,
REPUBLICAN,6/9/2020,GA,14,ANDY,GUNTHER,,,WHITE,MAN,LOST,YES,NO,,,
REPUBLICAN,6/9/2020,GA,14,BILL,HEMBREE,,,WHITE,MAN,LOST,YES,NO,,,
REPUBLICAN,6/9/2020,GA,14,MATT,LAUGHRIDGE,,,WHITE,MAN,LOST,YES,NO,,,
DEMOCRATIC,6/9/2020,NV,1,DINA,TITUS,,,WHITE,WOMAN,WON,YES,YES,,,
DEMOCRATIC,6/9/2020,NV,1,ALLEN,RHEINHART,,,BLACK,MAN,LOST,YES,NO,,,
DEMOCRATIC,6/9/2020,NV,1,ANTHONY,THOMAS,,JR,BLACK,MAN,LOST,YES,NO,,,
DEMOCRATIC,6/9/2020,NV,2,PATRICIA,ACKERMAN,,,WHITE,WOMAN,WON,YES,NO,,,
DEMOCRATIC,6/9/2020,NV,2,ED,COHEN,,,WHITE,MAN,LOST,YES,NO,,,
DEMOCRATIC,6/9/2020,NV,2,REYNALDO,HERNANDEZ,,,HISPANIC,MAN,LOST,YES,NO,,,https://www.rgj.com/story/opinion/voices/2020/05/14/grassroots-voice-community-state-and-country-reynaldo-hernandez/5195071002/
DEMOCRATIC,6/9/2020,NV,2,CLINT,KOBLE,,,WHITE,MAN,LOST,YES,NO,,,
DEMOCRATIC,6/9/2020,NV,2,IAN,LUETKEHANS,,,NOT_FOUND,MAN,LOST,YES,NO,,,
DEMOCRATIC,6/9/2020,NV,2,STEVE,SCHIFFMAN,,,WHITE,MAN,LOST,YES,NO,,,
DEMOCRATIC,6/9/2020,NV,2,RICK,SHEPHERD,,,WHITE,MAN,LOST,YES,NO,,,
DEMOCRATIC,6/9/2020,NV,3,SUSIE,LEE,,,WHITE,WOMAN,WON,YES,YES,,,
DEMOCRATIC,6/9/2020,NV,3,DENNIS,SULLIVAN,,,WHITE,MAN,LOST,YES,NO,,,
DEMOCRATIC,6/9/2020,NV,3,TIFFANY,WATSON,ANN,,WHITE,WOMAN,LOST,YES,NO,,,
DEMOCRATIC,6/9/2020,NV,4,STEVEN,HORSFORD,,,BLACK,MAN,WON,YES,YES,,,
DEMOCRATIC,6/9/2020,NV,4,GEORGE,BRUCATO,,,WHITE,MAN,LOST,YES,NO,,,
DEMOCRATIC,6/9/2020,NV,4,CHRIS,COLLEY,,,WHITE,MAN,LOST,YES,NO,,,
DEMOCRATIC,6/9/2020,NV,4,GABRIELLE,D'AYR,,,WHITE,WOMAN,LOST,YES,NO,,,
DEMOCRATIC,6/9/2020,NV,4,JENNIFER,EASON,,,WHITE,WOMAN,LOST,YES,NO,,,
DEMOCRATIC,6/9/2020,NV,4,GREGORY,KEMPTON,,,WHITE,MAN,LOST,YES,NO,,,
REPUBLICAN,6/9/2020,NV,1,JOYCE,BENTLEY,,,WHITE,WOMAN,WON,YES,NO,,,
REPUBLICAN,6/9/2020,NV,1,JOSH,ELLIOTT,,,BLACK,MAN,LOST,YES,NO,,,
REPUBLICAN,6/9/2020,NV,1,EDDIE,HAMILTON,,,WHITE,MAN,LOST,YES,NO,,,
REPUBLICAN,6/9/2020,NV,1,CITLALY,LARIOS-ELIAS,,,HISPANIC,WOMAN,LOST,YES,NO,,,
REPUBLICAN,6/9/2020,NV,2,MARK,AMODEI,,,WHITE,MAN,WON,YES,YES,,,
REPUBLICAN,6/9/2020,NV,2,JOEL,BECK,,,WHITE,MAN,LOST,YES,NO,,,
REPUBLICAN,6/9/2020,NV,2,JESSE,HURLEY,,,WHITE,MAN,LOST,YES,NO,,,
REPUBLICAN,6/9/2020,NV,3,BRIAN,NADELL,,,WHITE,MAN,LOST,YES,NO,,,
REPUBLICAN,6/9/2020,NV,3,CORWIN,NEWBERRY,,,WHITE,MAN,LOST,YES,NO,,,
REPUBLICAN,6/9/2020,NV,3,MINDY,ROBINSON,,,WHITE,WOMAN,LOST,YES,NO,,,
REPUBLICAN,6/9/2020,NV,3,DANIEL,RODIMER,,,WHITE,MAN,WON,YES,NO,,,
REPUBLICAN,6/9/2020,NV,3,DAN,SCHWARTZ,,,WHITE,MAN,LOST,YES,NO,,,
REPUBLICAN,6/9/2020,NV,3,VICTOR,WILLERT,,,WHITE,MAN,LOST,YES,NO,,,
REPUBLICAN,6/9/2020,NV,4,ROSALIE,BINGHAM,,,WHITE,WOMAN,LOST,YES,NO,,,
REPUBLICAN,6/9/2020,NV,4,LEO,BLUNDO,,,HISPANIC,MAN,LOST,YES,NO,,,
REPUBLICAN,6/9/2020,NV,4,JIM,MARCHANT,,,WHITE,MAN,WON,YES,NO,,,
REPUBLICAN,6/9/2020,NV,4,CHARLES,NAVARRO,,,HISPANIC,MAN,LOST,YES,NO,,,
REPUBLICAN,6/9/2020,NV,4,SAM,PETERS,,,WHITE,MAN,LOST,YES,NO,,,
REPUBLICAN,6/9/2020,NV,4,RANDI,REED,,,WHITE,WOMAN,LOST,YES,NO,,,
REPUBLICAN,6/9/2020,NV,4,LISA,SUTTON,SONG,,ASIAN,WOMAN,LOST,YES,NO,,,
REPUBLICAN,6/9/2020,NV,4,REBECCA,WOOD,,,WHITE,WOMAN,LOST,YES,NO,,,
DEMOCRATIC,6/9/2020,ND,1,ZACH,RAKNERUD,,,WHITE,MAN,WON,YES,NO,AT-LARGE DISTRICT,,
DEMOCRATIC,6/9/2020,ND,1,ROLAND,RIEMERS,,,WHITE,MAN,LOST,YES,NO,AT-LARGE DISTRICT,,
REPUBLICAN,6/9/2020,ND,1,KELLY,ARMSTRONG,,,WHITE,MAN,WON,NO,YES,AT-LARGE DISTRICT,,
DEMOCRATIC,6/9/2020,SC,1,JOE,CUNNINGHAM,,,WHITE,MAN,WON,NO,YES,PRIMARY CANCELLED,,
DEMOCRATIC,6/9/2020,SC,2,ADAIR,BOROUGHS,FORD,,WHITE,WOMAN,WON,NO,NO,PRIMARY CANCELLED,,
DEMOCRATIC,6/9/2020,SC,3,HOSEA,CLEVELAND,,,BLACK,MAN,WON,YES,NO,,,
DEMOCRATIC,6/9/2020,SC,3,MARK,WELCH,,,WHITE,MAN,LOST,YES,NO,,,
DEMOCRATIC,6/9/2020,SC,4,KIM,NELSON,,,WHITE,WOMAN,WON,NO,NO,PRIMARY CANCELLED,,
DEMOCRATIC,6/9/2020,SC,5,MOE,BROWN,,,BLACK,MAN,WON,YES,NO,,,
DEMOCRATIC,6/9/2020,SC,5,SIDNEY,MOORE,,,BLACK,MAN,LOST,YES,NO,,,
DEMOCRATIC,6/9/2020,SC,6,JAMES,CLYBURN,,,BLACK,MAN,WON,NO,YES,PRIMARY CANCELLED,,
DEMOCRATIC,6/9/2020,SC,7,MELISSA,WATSON,,,BLACK,WOMAN,WON,YES,NO,,,
DEMOCRATIC,6/9/2020,SC,7,ROBERT,WILLIAMS,,,BLACK,MAN,LOST,YES,NO,,,
DEMOCRATIC,6/9/2020,SC,7,WILLIAM,WILLIAMS,,,BLACK,MAN,LOST,YES,NO,,,
REPUBLICAN,6/9/2020,SC,1,CHRIS,COX,,,NOT_FOUND,MAN,LOST,YES,NO,,,
REPUBLICAN,6/9/2020,SC,1,KATHY,LANDING,,,WHITE,WOMAN,LOST,YES,NO,,,
REPUBLICAN,6/9/2020,SC,1,NANCY,MACE,,,WHITE,WOMAN,WON,YES,NO,,,
REPUBLICAN,6/9/2020,SC,1,BRAD,MOLE,,,BLACK,MAN,LOST,YES,NO,,,
REPUBLICAN,6/9/2020,SC,2,JOE,WILSON,,,WHITE,MAN,WON,YES,YES,,,
REPUBLICAN,6/9/2020,SC,2,MICHAEL,BISHOP,,,WHITE,MAN,LOST,YES,NO,,,
REPUBLICAN,6/9/2020,SC,3,JEFF,DUNCAN,,,WHITE,MAN,WON,NO,YES,PRIMARY CANCELLED,,
REPUBLICAN,6/9/2020,SC,4,WILLIAM,TIMMONS,,,WHITE,MAN,WON,NO,YES,PRIMARY CANCELLED,,
REPUBLICAN,6/9/2020,SC,5,RALPH,NORMAN,,,WHITE,MAN,WON,NO,YES,PRIMARY CANCELLED,,
REPUBLICAN,6/9/2020,SC,6,JOHN,MCCOLLUM,,,WHITE,MAN,WON,NO,NO,PRIMARY CANCELLED,,
REPUBLICAN,6/9/2020,SC,7,TOM,RICE,,,WHITE,MAN,WON,NO,YES,PRIMARY CANCELLED,,
DEMOCRATIC,6/9/2020,WV,1,NATALIE,CLINE,,,WHITE,WOMAN,WON,YES,NO,,,
DEMOCRATIC,6/9/2020,WV,1,TOM,PAYNE,,,WHITE,MAN,LOST,YES,NO,,,
DEMOCRATIC,6/9/2020,WV,2,CATHY,KUNKEL,,,WHITE,WOMAN,WON,NO,NO,,,
DEMOCRATIC,6/9/2020,WV,3,PAUL,DAVIS,,,WHITE,MAN,LOST,YES,NO,,,
DEMOCRATIC,6/9/2020,WV,3,JEFF,LEWIS,,,WHITE,MAN,LOST,YES,NO,,,
DEMOCRATIC,6/9/2020,WV,3,HILARY,TURNER,,,WHITE,WOMAN,WON,YES,NO,,,
DEMOCRATIC,6/9/2020,WV,3,LACY,WATSON,,,BLACK,MAN,LOST,YES,NO,,,
REPUBLICAN,6/9/2020,WV,1,DAVID,MCKINLEY,,,WHITE,MAN,WON,NO,YES,,,
REPUBLICAN,6/9/2020,WV,2,ALEXANDER,MOONEY,,,WHITE,MAN,WON,YES,YES,,,
REPUBLICAN,6/9/2020,WV,2,MATTHEW,HAHN,,,WHITE,MAN,LOST,YES,NO,,,https://www.journal-news.net/news/election/candidates/candidate-profile-matt-hahn/article_da16a98f-bedf-59f9-9d08-1cc09789059e.html
REPUBLICAN,6/9/2020,WV,3,CAROL,MILLER,,,WHITE,WOMAN,WON,YES,YES,,,
REPUBLICAN,6/9/2020,WV,3,RUSSELL,SIEGEL,,,NOT_FOUND,MAN,LOST,YES,NO,,,
DEMOCRATIC,6/23/2020,KY,1,JAMES,RHODES,,,NOT_FOUND,MAN,WON,NO,NO,PRIMARY CANCELLED,,
DEMOCRATIC,6/23/2020,KY,2,HANK,LINDERMAN,,,WHITE,MAN,WON,NO,NO,PRIMARY CANCELLED,,https://www.wkyufm.org/politics/2018-05-23/hank-linderman-takes-victory-tour-of-kentuckys-2nd-congressional-district
DEMOCRATIC,6/23/2020,KY,3,JOHN,YARMUTH,A,,WHITE,MAN,WON,NO,YES,PRIMARY CANCELLED,,
DEMOCRATIC,6/23/2020,KY,4,SHANNON,FABERT,,,HISPANIC,WOMAN,LOST,YES,NO,,,
DEMOCRATIC,6/23/2020,KY,4,ALEXANDRA,OWENSBY,,,WHITE,WOMAN,WON,YES,NO,,,
DEMOCRATIC,6/23/2020,KY,5,MATTHEW,BEST,RYAN,,WHITE,MAN,WON,NO,NO,PRIMARY CANCELLED,,https://www.ballotready.org/people/matthew-ryan-best
DEMOCRATIC,6/23/2020,KY,6,JOSH,HICKS,,,WHITE,MAN,WON,YES,NO,,,
DEMOCRATIC,6/23/2020,KY,6,DANIEL,KEMPH,,,WHITE,MAN,LOST,YES,NO,,,
REPUBLICAN,6/23/2020,KY,1,JAMES,COMER,,JR,WHITE,MAN,WON,NO,YES,PRIMARY CANCELLED,,
REPUBLICAN,6/23/2020,KY,2,BRETT,GUTHRIE,,,WHITE,MAN,WON,YES,YES,,,
REPUBLICAN,6/23/2020,KY,2,KATHLEEN,FREE,,,NOT_FOUND,WOMAN,LOST,YES,NO,,,
REPUBLICAN,6/23/2020,KY,3,MIKE,CRAVEN,,,WHITE,MAN,LOST,YES,NO,,,
REPUBLICAN,6/23/2020,KY,3,WAYMEN,EDDINGS,,,NOT_FOUND,NOT_FOUND,LOST,YES,NO,,,
REPUBLICAN,6/23/2020,KY,3,RHONDA,PALAZZO,,,WHITE,WOMAN,WON,YES,NO,,,
REPUBLICAN,6/23/2020,KY,4,THOMAS,MASSIE,,,WHITE,MAN,WON,YES,YES,,,
REPUBLICAN,6/23/2020,KY,4,TODD,MCMURTRY,,,WHITE,MAN,LOST,YES,NO,,,
REPUBLICAN,6/23/2020,KY,5,HAL,ROGERS,,,WHITE,MAN,WON,YES,NO,,,
REPUBLICAN,6/23/2020,KY,5,GERARDO,SERRANO,,,WHITE,MAN,LOST,YES,NO,,,
REPUBLICAN,6/23/2020,KY,6,ANDY,BARRETT,,,WHITE,MAN,WON,YES,YES,,,
REPUBLICAN,6/23/2020,KY,6,CHUCK,EDDY,,,WHITE,MAN,LOST,YES,NO,,,
REPUBLICAN,6/23/2020,KY,6,GEOFF,YOUNG,M,,WHITE,MAN,LOST,YES,NO,,,
DEMOCRATIC,6/23/2020,NY,1,GREG,FISCHER,,,WHITE,MAN,LOST,YES,NO,,,
DEMOCRATIC,6/23/2020,NY,1,BRIDGET,FLEMING,M,,WHITE,WOMAN,LOST,YES,NO,,,
DEMOCRATIC,6/23/2020,NY,1,PERRY,GERSHON,,,WHITE,MAN,LOST,YES,NO,,,
DEMOCRATIC,6/23/2020,NY,1,NANCY,GOROFF,,,WHITE,WOMAN,WON,YES,NO,,,
DEMOCRATIC,6/23/2020,NY,2,JACKIE,GORDON,,,BLACK,WOMAN,WON,YES,NO,,,
DEMOCRATIC,6/23/2020,NY,2,PATRICIA,MAHER,,,WHITE,WOMAN,LOST,YES,NO,,,
DEMOCRATIC,6/23/2020,NY,3,TOM,SUOZZI,,,WHITE,MAN,WON,YES,YES,,,
DEMOCRATIC,6/23/2020,NY,3,MELANIE,D'ARRIGO,,,WHITE,WOMAN,LOST,YES,NO,,,
DEMOCRATIC,6/23/2020,NY,3,MICHAEL,WEINSTOCK,,,WHITE,MAN,LOST,YES,NO,,,
DEMOCRATIC,6/23/2020,NY,4,KATHLEEN,RICE,,,WHITE,WOMAN,WON,NO,YES,PRIMARY CANCELLED,,
DEMOCRATIC,6/23/2020,NY,5,GREGORY,MEEKS,W,,BLACK,MAN,WON,YES,YES,,,
DEMOCRATIC,6/23/2020,NY,5,SHANIYAT,CHOWDHURY,,,ASIAN,MAN,LOST,YES,NO,,,
DEMOCRATIC,6/23/2020,NY,6,GRACE,MENG,,,ASIAN,WOMAN,WON,YES,YES,,,
DEMOCRATIC,6/23/2020,NY,6,SANDRA,CHOI,,,ASIAN,WOMAN,LOST,YES,NO,,,https://www.nyccfb.info/nyc-votes/vgwelcome/guide-to-voting-in-the-2020-elections/meet-the-candidates/meet-the-candidates/representative-in-congress/congressional-district-6/sandra-choi-%E5%B4%94%E5%96%84%E6%9A%8E-%EC%B5%9C%EC%83%8C%EB%93%9C%EB%9D%BC/?languageType=English
DEMOCRATIC,6/23/2020,NY,6,MELQUIADES,GAGARIN,,,OTHER,MAN,LOST,YES,NO,,,
DEMOCRATIC,6/23/2020,NY,7,NYDIA,VELAZQUEZ,,,HISPANIC,WOMAN,WON,YES,YES,,,
DEMOCRATIC,6/23/2020,NY,7,PAPERBOY,PRINCE,,,BLACK,MAN,LOST,YES,NO,,,
DEMOCRATIC,6/23/2020,NY,8,HAKEEM,JEFFRIES,,,BLACK,MAN,WON,NO,YES,PRIMARY CANCELLED,,
DEMOCRATIC,6/23/2020,NY,9,YVETTE,CLARKE,D,,BLACK,WOMAN,WON,YES,YES,,,
DEMOCRATIC,6/23/2020,NY,9,ADEM,BUNKEDDEKO,,,BLACK,MAN,LOST,YES,NO,,,
DEMOCRATIC,6/23/2020,NY,9,CHAIM,DEUTSCH,M,,WHITE,MAN,LOST,YES,NO,,,
DEMOCRATIC,6/23/2020,NY,9,LUTCHI,GAYOT,,,BLACK,MAN,LOST,YES,NO,,,
DEMOCRATIC,6/23/2020,NY,9,ISIAH,JAMES,,,BLACK,MAN,LOST,YES,NO,,,
DEMOCRATIC,6/23/2020,NY,10,JERROLD,NADLER,,,WHITE,MAN,WON,YES,YES,,,
DEMOCRATIC,6/23/2020,NY,10,LINDSEY,BOYLAN,,,WHITE,WOMAN,LOST,YES,NO,,,
DEMOCRATIC,6/23/2020,NY,10,JONATHAN,HERZOG,,,WHITE,MAN,LOST,YES,NO,,,
DEMOCRATIC,6/23/2020,NY,11,MAX,ROSE,,,WHITE,MAN,WON,NO,YES,PRIMARY CANCELLED,,
DEMOCRATIC,6/23/2020,NY,12,CAROLYN,MALONEY,B,,WHITE,WOMAN,WON,YES,YES,,,
DEMOCRATIC,6/23/2020,NY,12,LAUREN,ASHCRAFT,,,WHITE,WOMAN,LOST,YES,NO,,,
DEMOCRATIC,6/23/2020,NY,12,PETER,HARRISON,,,WHITE,MAN,LOST,YES,NO,,,
DEMOCRATIC,6/23/2020,NY,12,SURAJ,PATEL,,,ASIAN,MAN,LOST,YES,NO,,,
DEMOCRATIC,6/23/2020,NY,13,ADRIANO,ESPAILLAT,,,HISPANIC,MAN,WON,YES,YES,,,
DEMOCRATIC,6/23/2020,NY,13,JAMES,KEITH,FELTON,,BLACK,MAN,LOST,YES,NO,,,
DEMOCRATIC,6/23/2020,NY,13,RAMON,RODRIGUEZ,,,HISPANIC,MAN,LOST,YES,NO,,,
DEMOCRATIC,6/23/2020,NY,14,ALEXANDRIA,OCASIO-CORTEZ,,,HISPANIC,WOMAN,WON,YES,YES,,,
DEMOCRATIC,6/23/2020,NY,14,MICHELLE,CARUSO-CABRERA,,,HISPANIC,WOMAN,LOST,YES,NO,,,
DEMOCRATIC,6/23/2020,NY,14,BADRUN,KHAN,,,OTHER,WOMAN,LOST,YES,NO,,,
DEMOCRATIC,6/23/2020,NY,14,SAM,SLOAN,,,WHITE,MAN,LOST,YES,NO,,,
DEMOCRATIC,6/23/2020,NY,15,FRANGELL,BASORA,,,BLACK,MAN,LOST,YES,NO,,,
DEMOCRATIC,6/23/2020,NY,15,MICHAEL,BLAKE,,,BLACK,MAN,LOST,YES,NO,,,
DEMOCRATIC,6/23/2020,NY,15,RUBEN,DIAZ,,SR,BLACK,MAN,LOST,YES,NO,,,
DEMOCRATIC,6/23/2020,NY,15,MARK,ESCOFFERY-BEY,,,BLACK,MAN,LOST,YES,NO,,,https://www.nyccfb.info/public/voter-guide/primary_2013/cd_profile/BPX_Escoffery-Bey_1324.aspx
DEMOCRATIC,6/23/2020,NY,15,SAMELYS,LOPEZ,,,HISPANIC,WOMAN,LOST,YES,NO,,,
DEMOCRATIC,6/23/2020,NY,15,MELISSA,MARK-VIVERITO,,,WHITE,WOMAN,LOST,YES,NO,,,
DEMOCRATIC,6/23/2020,NY,15,CHIVONA,NEWSOME,,,BLACK,WOMAN,LOST,YES,NO,,,
DEMOCRATIC,6/23/2020,NY,15,JULIO,PABON,,,HISPANIC,MAN,LOST,YES,NO,,,
DEMOCRATIC,6/23/2020,NY,15,TOMAS,ROMAS,,,HISPANIC,MAN,LOST,YES,NO,,,
DEMOCRATIC,6/23/2020,NY,15,YDANIS,RODRIGUEZ,,,HISPANIC,MAN,LOST,YES,NO,,,
DEMOCRATIC,6/23/2020,NY,15,MARLENE,TAPPER,,,BLACK,WOMAN,LOST,YES,NO,,,
DEMOCRATIC,6/23/2020,NY,15,RITCHIE,TORRES,,,BLACK,MAN,WON,YES,NO,,,
DEMOCRATIC,6/23/2020,NY,15,DAVID,FRANKS,PHILIP,JR,NOT_FOUND,MAN,LOST,YES,NO,,,
DEMOCRATIC,6/23/2020,NY,16,ELIOT,ENGEL,,,WHITE,MAN,LOST,YES,YES,,,
DEMOCRATIC,6/23/2020,NY,16,JAMAAL,BOWMAN,,,BLACK,MAN,WON,YES,NO,,,
DEMOCRATIC,6/23/2020,NY,16,CHRIS,FINK,,,WHITE,MAN,LOST,YES,NO,,,
DEMOCRATIC,6/23/2020,NY,16,ANDOM,GHEBREGHIOGIS,,,BLACK,MAN,WITHDREW,YES,NO,,,
DEMOCRATIC,6/23/2020,NY,16,SAMMY,RAVELO,,,BLACK,MAN,LOST,YES,NO,,,
DEMOCRATIC,6/23/2020,NY,17,DAVID,BUCHWALD,,,WHITE,MAN,LOST,YES,NO,,,
DEMOCRATIC,6/23/2020,NY,17,DAVID,CARLUCCI,,,WHITE,MAN,LOST,YES,NO,,,
DEMOCRATIC,6/23/2020,NY,17,ASHA,CASTLEBERRY-HERNANDEZ,,,BLACK,WOMAN,LOST,YES,NO,,,
DEMOCRATIC,6/23/2020,NY,17,EVELYN,FARKAS,,,WHITE,WOMAN,LOST,YES,NO,,,
DEMOCRATIC,6/23/2020,NY,17,ALLISON,FINE,,,WHITE,WOMAN,LOST,YES,NO,,,
DEMOCRATIC,6/23/2020,NY,17,MONDAIRE,JONES,,,BLACK,MAN,WON,YES,NO,,,
DEMOCRATIC,6/23/2020,NY,17,CATHERINE,PARKER,,,WHITE,WOMAN,LOST,YES,NO,,,
DEMOCRATIC,6/23/2020,NY,17,ADAM,SCHLEIFER,,,WHITE,MAN,LOST,YES,NO,,,
DEMOCRATIC,6/23/2020,NY,18,SEAN,MALONEY,,,WHITE,MAN,WON,NO,YES,PRIMARY CANCELLED,,
DEMOCRATIC,6/23/2020,NY,19,ANTONIO,DELGADO,,,BLACK,MAN,WON,NO,YES,PRIMARY CANCELLED,,
DEMOCRATIC,6/23/2020,NY,20,PAUL,TONKO,,,WHITE,MAN,WON,NO,YES,PRIMARY CANCELLED,,
DEMOCRATIC,6/23/2020,NY,21,TEDRA,COBB,,,WHITE,WOMAN,WON,NO,YES,PRIMARY CANCELLED,,
DEMOCRATIC,6/23/2020,NY,22,ANTHONY,BRINDISI,,,WHITE,MAN,WON,NO,YES,PRIMARY CANCELLED,,
DEMOCRATIC,6/23/2020,NY,23,TRACY,MITRANO,,,WHITE,WOMAN,WON,NO,YES,PRIMARY CANCELLED,,
DEMOCRATIC,6/23/2020,NY,24,DANA,BALTER,,,WHITE,WOMAN,WON,YES,NO,,,
DEMOCRATIC,6/23/2020,NY,24,FRANCIS,CONOLE,,,WHITE,MAN,LOST,YES,NO,,,
DEMOCRATIC,6/23/2020,NY,25,JOSEPH,MORELLE,,,WHITE,MAN,WON,YES,YES,,,
DEMOCRATIC,6/23/2020,NY,25,ROBIN,WILT,,,BLACK,WOMAN,LOST,YES,NO,,,
DEMOCRATIC,6/23/2020,NY,26,BRIAN,HIGGINS,,,WHITE,MAN,WON,NO,YES,PRIMARY CANCELLED,,
DEMOCRATIC,6/23/2020,NY,27,NATE,MCMURRAY,,,WHITE,MAN,WON,NO,YES,PRIMARY CANCELLED,,
REPUBLICAN,6/23/2020,NY,1,LEE,ZELDIN,,,WHITE,MAN,WON,NO,YES,PRIMARY CANCELLED,,
REPUBLICAN,6/23/2020,NY,2,ANDREW,GARBARINO,,,WHITE,MAN,WON,YES,NO,,,
REPUBLICAN,6/23/2020,NY,2,MICHAEL,LIPETRI,,JR,WHITE,MAN,LOST,YES,NO,,,
REPUBLICAN,6/23/2020,NY,3,GEORGE,DEVOLDER-SANTOS,,,HISPANIC,MAN,WON,NO,NO,PRIMARY CANCELLED,,
REPUBLICAN,6/23/2020,NY,4,CINDY,GROSZ,,,WHITE,WOMAN,LOST,YES,NO,,,https://www.facebook.com/CindyGroszforCongress/
REPUBLICAN,6/23/2020,NY,4,DOUGLAS,TUMAN,,,WHITE,MAN,WON,YES,NO,,,
REPUBLICAN,6/23/2020,NY,6,THOMAS,ZMICH,,,WHITE,MAN,WON,NO,NO,PRIMARY CANCELLED,,
REPUBLICAN,6/23/2020,NY,7,BRIAN,KELLY,,,NOT_FOUND,MAN,WON,NO,NO,PRIMARY CANCELLED,,
REPUBLICAN,6/23/2020,NY,8,GARFIELD,WALLACE,,,NOT_FOUND,MAN,WON,NO,NO,PRIMARY CANCELLED,,
REPUBLICAN,6/23/2020,NY,9,CONSTANTINE,JEAN-PIERRE,,,BLACK,MAN,WON,NO,NO,PRIMARY CANCELLED,,
REPUBLICAN,6/23/2020,NY,10,CATHY,BERNSTEIN,,,WHITE,WOMAN,WON,NO,NO,PRIMARY CANCELLED,,
REPUBLICAN,6/23/2020,NY,11,JOE,CALDARERA,,,WHITE,MAN,LOST,YES,NO,,,
REPUBLICAN,6/23/2020,NY,11,NICOLE,MALLIOTAKIS,,,OTHER,WOMAN,WON,YES,NO,,,
REPUBLICAN,6/23/2020,NY,12,CARLOS,SANTIAGO-CANO,,,HISPANIC,MAN,WON,NO,NO,PRIMARY CANCELLED,,
REPUBLICAN,6/23/2020,NY,13,LOVELYNN,GWINN,,,OTHER,WOMAN,WON,NO,NO,PRIMARY CANCELLED,,
REPUBLICAN,6/23/2020,NY,14,JOHN,CUMMINGS,,,WHITE,MAN,WON,NO,NO,PRIMARY CANCELLED,,
REPUBLICAN,6/23/2020,NY,15,ORLANDO,MOLINA,,,NOT_FOUND,MAN,WON,NO,NO,PRIMARY CANCELLED,,
REPUBLICAN,6/23/2020,NY,17,YEHUDIS,GOTTESFELD,,,WHITE,WOMAN,LOST,YES,NO,,,
REPUBLICAN,6/23/2020,NY,17,MAUREEN,SCHULMAN,MCARDLE,,WHITE,WOMAN,WON,YES,NO,,,
REPUBLICAN,6/23/2020,NY,18,CHELE,FARLEY,,,WHITE,WOMAN,WON,NO,NO,PRIMARY CANCELLED,,
REPUBLICAN,6/23/2020,NY,19,OLA,HAWATMEH,,,OTHER,WOMAN,LOST,YES,NO,,,
REPUBLICAN,6/23/2020,NY,19,KYLE,DE WATER,VAN,,WHITE,MAN,WON,YES,NO,,,
REPUBLICAN,6/23/2020,NY,20,ELIZABETH,JOY,,,WHITE,WOMAN,WON,NO,NO,PRIMARY CANCELLED,,
REPUBLICAN,6/23/2020,NY,21,ELISA,STEFANIK,,,WHITE,WOMAN,WON,NO,YES,PRIMARY CANCELLED,,
REPUBLICAN,6/23/2020,NY,22,GEORGE,PHILLIPS,,,WHITE,MAN,LOST,YES,NO,,,
REPUBLICAN,6/23/2020,NY,22,CLAUDIA,TENNEY,,,WHITE,WOMAN,WON,YES,NO,,,
REPUBLICAN,6/23/2020,NY,23,TOM,REED,,,WHITE,MAN,WON,NO,YES,PRIMARY CANCELLED,,
REPUBLICAN,6/23/2020,NY,24,JOHN,KATKO,,,WHITE,MAN,WON,NO,YES,PRIMARY CANCELLED,,
REPUBLICAN,6/23/2020,NY,25,GEORGE,MITRIS,,,WHITE,MAN,WON,NO,NO,PRIMARY CANCELLED,,
REPUBLICAN,6/23/2020,NY,26,RICKY,DONOVAN,,SR,WHITE,MAN,WON,NO,NO,PRIMARY CANCELLED,,
REPUBLICAN,6/23/2020,NY,27,CHRISTOPHER,JACOBS,,,WHITE,MAN,WON,YES,YES,,,
REPUBLICAN,6/23/2020,NY,27,STEFAN,MYCHAJLIW,,JR,NOT_FOUND,MAN,LOST,YES,NO,,,
REPUBLICAN,6/23/2020,NY,27,BETH,PARLATO,,,WHITE,WOMAN,LOST,YES,NO,,,
DEMOCRATIC,6/23/2020,VA,1,QASIM,RASHID,,,ASIAN,MAN,WON,YES,NO,,,
DEMOCRATIC,6/23/2020,VA,1,VANGIE,WILLIAMS,,,BLACK,WOMAN,LOST,YES,NO,,,
DEMOCRATIC,6/23/2020,VA,2,ELAINE,LURIA,,,WHITE,WOMAN,WON,NO,YES,PRIMARY CANCELLED,,
DEMOCRATIC,6/23/2020,VA,3,ROBERT,SCOTT,C,,BLACK,MAN,WON,NO,YES,PRIMARY CANCELLED,,
DEMOCRATIC,6/23/2020,VA,4,ASTON,MCEACHIN,DONALD,,BLACK,MAN,WON,YES,YES,,,
DEMOCRATIC,6/23/2020,VA,4,R,LEVINE,CAZEL,,BLACK,WOMAN,LOST,YES,NO,,,
DEMOCRATIC,6/23/2020,VA,5,ROGER,HUFFSTETLER,DEAN,,WHITE,MAN,LOST,YES,NO,,,
DEMOCRATIC,6/23/2020,VA,5,JOHN,LESINSKI,,,WHITE,MAN,LOST,YES,NO,,,
DEMOCRATIC,6/23/2020,VA,5,CLAIRE,RUSSO,,,WHITE,WOMAN,LOST,YES,NO,,,
DEMOCRATIC,6/23/2020,VA,5,CAMERON,WEBB,,,BLACK,MAN,WON,YES,NO,,,
DEMOCRATIC,6/23/2020,VA,6,NICHOLAS,BETTS,,,BLACK,MAN,WON,NO,NO,PRIMARY CANCELLED,,
DEMOCRATIC,6/23/2020,VA,7,ABIGAIL,SPANBERGER,,,WHITE,WOMAN,WON,NO,YES,PRIMARY CANCELLED,,
DEMOCRATIC,6/23/2020,VA,8,DONALD,BEYER,STERNOFF,JR,WHITE,MAN,WON,NO,YES,PRIMARY CANCELLED,,
DEMOCRATIC,6/23/2020,VA,10,JENNIFER,WEXTON,,,WHITE,WOMAN,WON,NO,YES,PRIMARY CANCELLED,,
DEMOCRATIC,6/23/2020,VA,11,GERALD,CONNOLLY,,,WHITE,MAN,WON,YES,YES,,,
DEMOCRATIC,6/23/2020,VA,11,ZAINAB,MOHSINI,,,ASIAN,WOMAN,LOST,YES,NO,,,
REPUBLICAN,6/23/2020,VA,1,ROBERT,WITTMAN,J,,WHITE,MAN,WON,NO,YES,PRIMARY CANCELLED,,
REPUBLICAN,6/23/2020,VA,2,JAROME,BELL,,,BLACK,MAN,LOST,YES,NO,,,
REPUBLICAN,6/23/2020,VA,2,BEN,LOYOLA,,,WHITE,MAN,LOST,YES,NO,,,
REPUBLICAN,6/23/2020,VA,2,SCOTT,TAYLOR,,,WHITE,MAN,WON,YES,NO,,,
REPUBLICAN,6/23/2020,VA,3,JOHN,COLLICK,,,WHITE,MAN,WON,YES,NO,,,
REPUBLICAN,6/23/2020,VA,3,MADISON,DOWNS,,,BLACK,MAN,LOST,YES,NO,,,
REPUBLICAN,6/23/2020,VA,3,GEORGE,YACUS,,,WHITE,MAN,LOST,YES,NO,,,
REPUBLICAN,6/23/2020,VA,4,LEON,BENJAMIN,SR,,BLACK,MAN,WON,NO,NO,,,
REPUBLICAN,6/23/2020,VA,5,DENVER,RIGGLEMAN,LEE,III,WHITE,MAN,LOST,YES,YES,,,
REPUBLICAN,6/23/2020,VA,5,BOB,GOOD,,,WHITE,MAN,WON,YES,NO,,,
REPUBLICAN,6/23/2020,VA,6,BENJAMIN,CLINE,LEE,,WHITE,MAN,WON,NO,YES,PRIMARY CANCELLED,,
REPUBLICAN,6/23/2020,VA,7,NICK,FREITAS,,,WHITE,MAN,WON,YES,NO,,,
REPUBLICAN,6/23/2020,VA,7,PETE,GREENWALD,,,WHITE,MAN,LOST,YES,NO,,,
REPUBLICAN,6/23/2020,VA,7,ANDREW,KNAGGS,,,BLACK,MAN,LOST,YES,NO,,,
REPUBLICAN,6/23/2020,VA,7,JOHN,MCGUIRE,,,WHITE,MAN,LOST,YES,NO,,,
REPUBLICAN,6/23/2020,VA,7,TINA,RAMIREZ,,,HISPANIC,WOMAN,LOST,YES,NO,,,
REPUBLICAN,6/23/2020,VA,7,JASON,ROBERGE,ALEXANDER,,WHITE,MAN,LOST,YES,NO,,,
REPUBLICAN,6/23/2020,VA,8,MARK,ELLMORE,,,WHITE,MAN,LOST,YES,NO,,,
REPUBLICAN,6/23/2020,VA,8,JEFF,JORDAN,,,WHITE,MAN,WON,YES,NO,,,
REPUBLICAN,6/23/2020,VA,9,M,GRIFFITH,MORGAN,,WHITE,MAN,WON,NO,YES,PRIMARY CANCELLED,,
REPUBLICAN,6/23/2020,VA,10,ALISCIA,ANDREWS,,,WHITE,WOMAN,WON,YES,NO,,,
REPUBLICAN,6/23/2020,VA,10,JEFFERY,DOVE,ANTHONY,JR,BLACK,MAN,LOST,YES,NO,,,
REPUBLICAN,6/23/2020,VA,10,ROB,JONES,,,WHITE,MAN,LOST,YES,NO,,,
REPUBLICAN,6/23/2020,VA,10,MATTHEW,TRUONG,,,ASIAN,MAN,LOST,YES,NO,,,https://www.winchesterstar.com/winchester_star/matthew-truong-seeks-gop-nod-to-run-in-10th-congressional-district/article_45ff19f6-8fe6-544f-9653-046c87b64293.html
REPUBLICAN,6/23/2020,VA,11,MANGA,ANANTATMULA,,,ASIAN,WOMAN,WON,NO,NO,,,
DEMOCRATIC,6/30/2020,CO,1,DIANA,DEGETTE,,,WHITE,WOMAN,WON,NO,YES,,,
DEMOCRATIC,6/30/2020,CO,2,JOE,NEGUSE,,,BLACK,MAN,WON,NO,YES,,,
DEMOCRATIC,6/30/2020,CO,3,DIANE,BUSH,MITSCH,,WHITE,WOMAN,WON,YES,NO,,,
DEMOCRATIC,6/30/2020,CO,3,JAMES,IACINO,,,WHITE,MAN,LOST,YES,NO,,,
DEMOCRATIC,6/30/2020,CO,4,IKE,MCCORKLE,,,WHITE,MAN,WON,NO,NO,,,
DEMOCRATIC,6/30/2020,CO,5,JILLIAN,FREELAND,,,WHITE,WOMAN,WON,NO,NO,,,
DEMOCRATIC,6/30/2020,CO,6,JASON,CROW,,,WHITE,MAN,WON,NO,YES,,,
DEMOCRATIC,6/30/2020,CO,7,ED,PERLMUTTER,,,WHITE,MAN,WON,NO,YES,,,
REPUBLICAN,6/30/2020,CO,1,SHANE,BOLLING,,,WHITE,MAN,WON,NO,NO,,,
REPUBLICAN,6/30/2020,CO,2,CHARLES,WINN,,,WHITE,MAN,WON,NO,NO,,,
REPUBLICAN,6/30/2020,CO,3,SCOTT,TIPTON,,,WHITE,MAN,LOST,YES,YES,,,
REPUBLICAN,6/30/2020,CO,3,LAUREN,BOEBERT,,,WHITE,WOMAN,WON,YES,NO,,,
REPUBLICAN,6/30/2020,CO,4,KEN,BUCK,,,WHITE,MAN,WON,NO,YES,,,
REPUBLICAN,6/30/2020,CO,5,DOUG,LAMBORN,,,WHITE,MAN,WON,NO,YES,,,
REPUBLICAN,6/30/2020,CO,6,STEVE,HOUSE,,,WHITE,MAN,WON,NO,NO,,,
REPUBLICAN,6/30/2020,CO,7,CASPER,STOCKHAM,,,BLACK,MAN,WON,NO,NO,,,
DEMOCRATIC,6/30/2020,OK,1,KOJO,ASAMOA-CAESAR,,,BLACK,MAN,WON,YES,NO,,,
DEMOCRATIC,6/30/2020,OK,1,MARK,KEETER,,,WHITE,MAN,LOST,YES,NO,,,https://www.ballotready.org/people/mark-a-keeter
DEMOCRATIC,6/30/2020,OK,2,DANYELL,LANIER,,,BLACK,WOMAN,WON,NO,NO,PRIMARY CANCELLED,,
DEMOCRATIC,6/30/2020,OK,3,ZOE,MIDYETT,ANN,,WHITE,WOMAN,WON,NO,NO,PRIMARY CANCELLED,,
DEMOCRATIC,6/30/2020,OK,4,JOHN,ARGO,,,WHITE,MAN,LOST,YES,NO,,,
DEMOCRATIC,6/30/2020,OK,4,MARY,BRANNON,,,WHITE,WOMAN,WON,YES,NO,,,
DEMOCRATIC,6/30/2020,OK,4,DAVID,SLEMMONS,,,WHITE,MAN,LOST,YES,NO,,,
DEMOCRATIC,6/30/2020,OK,5,KENDRA,HORN,,,WHITE,WOMAN,WON,YES,YES,,,
DEMOCRATIC,6/30/2020,OK,5,TOM,GUILD,,,WHITE,MAN,LOST,YES,NO,,,
REPUBLICAN,6/30/2020,OK,1,KEVIN,HERN,,,WHITE,MAN,WON,NO,YES,PRIMARY CANCELLED,,
REPUBLICAN,6/30/2020,OK,2,MARKWAYNE,MULLIN,,,WHITE,MAN,WON,YES,YES,,,
REPUBLICAN,6/30/2020,OK,2,RHONDA,HOPKINS,,,OTHER,WOMAN,LOST,YES,NO,,,https://www.ballotready.org/people/rhonda-hopkins
REPUBLICAN,6/30/2020,OK,2,JOSEPH,SILK,,,WHITE,MAN,LOST,YES,NO,,,
REPUBLICAN,6/30/2020,OK,3,FRANK,LUCAS,,,WHITE,MAN,WON,NO,YES,PRIMARY CANCELLED,,
REPUBLICAN,6/30/2020,OK,4,TOM,COLE,,,WHITE,MAN,WON,YES,YES,,,
REPUBLICAN,6/30/2020,OK,4,GILBERT,SANDERS,,,WHITE,MAN,LOST,YES,NO,,,
REPUBLICAN,6/30/2020,OK,4,TREVOR,SIPES,,,WHITE,MAN,LOST,YES,NO,,,
REPUBLICAN,6/30/2020,OK,4,JAMES,TAYLOR,,,BLACK,MAN,LOST,YES,NO,,,
REPUBLICAN,6/30/2020,OK,5,MICHAEL,BALLARD,,,WHITE,MAN,LOST,YES,NO,,,
REPUBLICAN,6/30/2020,OK,5,JANET,BARRESI,,,WHITE,WOMAN,LOST,YES,NO,,,
REPUBLICAN,6/30/2020,OK,5,STEPHANIE,BICE,,,WHITE,WOMAN,WON,YES,NO,,,
REPUBLICAN,6/30/2020,OK,5,DAVID,HILL,,,WHITE,MAN,LOST,YES,NO,,,
REPUBLICAN,6/30/2020,OK,5,SHELLI,LANDON,,,WHITE,WOMAN,LOST,YES,NO,,,
REPUBLICAN,6/30/2020,OK,5,JAKE,MERRICK,,,WHITE,MAN,LOST,YES,NO,,,
REPUBLICAN,6/30/2020,OK,5,TERRY,NEESE,,,WHITE,WOMAN,WON,YES,NO,,,
REPUBLICAN,6/30/2020,OK,5,CHARLES,PRINGLE,,,WHITE,MAN,LOST,YES,NO,,,https://www.facebook.com/watch/?v=264547181645989
REPUBLICAN,6/30/2020,OK,5,MILES,RAHIMI,,,WHITE,MAN,LOST,YES,NO,,,
DEMOCRATIC,6/30/2020,UT,1,JAMIE,CHEEK,,,WHITE,WOMAN,LOST,YES,NO,,,
DEMOCRATIC,6/30/2020,UT,1,DARREN,PARRY,,,WHITE,WOMAN,WON,YES,NO,,,
DEMOCRATIC,6/30/2020,UT,2,RANDY,HOPKINS,,,WHITE,MAN,LOST,YES,NO,,,
DEMOCRATIC,6/30/2020,UT,2,LARRY,LIVINGSTON,,,WHITE,MAN,LOST,YES,NO,,,https://www.standard.net/news/government/2016/jul/06/with-no-money-but-a-phone-democrat-campaigns-for-davis-commission/
DEMOCRATIC,6/30/2020,UT,2,KAEL,WESTON,,,WHITE,WOMAN,WON,YES,NO,,,
DEMOCRATIC,6/30/2020,UT,3,JARED,ANDERSON,LYLE,,WHITE,MAN,LOST,YES,NO,,,
DEMOCRATIC,6/30/2020,UT,3,TREY,ROBINSON,,,WHITE,MAN,LOST,YES,NO,,,
DEMOCRATIC,6/30/2020,UT,3,DEVIN,THORPE,,,WHITE,MAN,WON,YES,NO,,,
DEMOCRATIC,6/30/2020,UT,4,BEN,MCADAMS,,,WHITE,MAN,WON,YES,YES,,,
DEMOCRATIC,6/30/2020,UT,4,DANIEL,BECKSTRAND,,,WHITE,MAN,LOST,YES,NO,,,https://www.facebook.com/Beckstrand2020/
REPUBLICAN,6/30/2020,UT,1,KERRY,GIBSON,,,WHITE,MAN,LOST,YES,NO,,,
REPUBLICAN,6/30/2020,UT,1,BLAKE,MOORE,,,WHITE,MAN,WON,YES,NO,,,
REPUBLICAN,6/30/2020,UT,1,BOB,STEVENSON,,,WHITE,MAN,LOST,YES,NO,,,
REPUBLICAN,6/30/2020,UT,1,KATIE,WITT,,,WHITE,WOMAN,LOST,YES,NO,,,
REPUBLICAN,6/30/2020,UT,2,CHRIS,STEWART,,,WHITE,MAN,WON,YES,YES,,,
REPUBLICAN,6/30/2020,UT,2,MARY,BURKETT,,,WHITE,WOMAN,LOST,YES,NO,,,
REPUBLICAN,6/30/2020,UT,2,TY,JENSEN,,,WHITE,MAN,LOST,YES,NO,,,
REPUBLICAN,6/30/2020,UT,2,CARSON,JORGENSEN,,,WHITE,MAN,LOST,YES,NO,,,
REPUBLICAN,6/30/2020,UT,3,JOHN,CURTIS,,,WHITE,MAN,WON,YES,YES,,,
REPUBLICAN,6/30/2020,UT,3,TIMOTHY,AALDERS,NOEL,,WHITE,MAN,LOST,YES,NO,,,
REPUBLICAN,6/30/2020,UT,4,TRENT,CHRISTENSEN,,,WHITE,MAN,LOST,YES,NO,,,
REPUBLICAN,6/30/2020,UT,4,KIM,COLEMAN,,,WHITE,WOMAN,LOST,YES,NO,,,
REPUBLICAN,6/30/2020,UT,4,JAY,MCFARLAND,,,WHITE,MAN,LOST,YES,NO,,,
REPUBLICAN,6/30/2020,UT,4,BURGESS,OWENS,,,BLACK,MAN,WON,YES,NO,,,
DEMOCRATIC,7/7/2020,NJ,1,DONALD,NORCROSS,,,WHITE,MAN,WON,NO,YES,,,
DEMOCRATIC,7/7/2020,NJ,2,WILL,CUNNINGHAM,,,BLACK,MAN,LOST,YES,NO,,,
DEMOCRATIC,7/7/2020,NJ,2,JOHN,FRANCIS,,III,BLACK,MAN,LOST,YES,NO,,,https://www.facebook.com/johnfrancisforcongress/
DEMOCRATIC,7/7/2020,NJ,2,BRIGID,HARRISON,CALLAHAN,,WHITE,WOMAN,LOST,YES,NO,,,
DEMOCRATIC,7/7/2020,NJ,2,AMY,KENNEDY,,,WHITE,WOMAN,WON,YES,NO,,,
DEMOCRATIC,7/7/2020,NJ,2,ROBERT,TURKAVAGE,,,WHITE,MAN,LOST,YES,NO,,,https://newjerseyglobe.com/congress/turkavage-to-challenge-van-drew-as-democrat/
DEMOCRATIC,7/7/2020,NJ,3,ANDREW,KIM,,,ASIAN,MAN,WON,NO,YES,,,
DEMOCRATIC,7/7/2020,NJ,4,DAVID,APPLEFIELD,,,WHITE,MAN,LOST,YES,NO,,,
DEMOCRATIC,7/7/2020,NJ,4,CHRISTINE,CONFORTI,,,WHITE,WOMAN,LOST,YES,NO,,,
DEMOCRATIC,7/7/2020,NJ,4,STEPHANIE,SCHMID,,,WHITE,WOMAN,WON,YES,NO,,,
DEMOCRATIC,7/7/2020,NJ,5,JOSH,GOTTHEIMER,,,WHITE,MAN,WON,YES,YES,,,
DEMOCRATIC,7/7/2020,NJ,5,ARATI,KREIBICH,,,ASIAN,WOMAN,LOST,YES,NO,,,
DEMOCRATIC,7/7/2020,NJ,6,FRANK,PALLONE,,JR,WHITE,MAN,WON,YES,YES,,,
DEMOCRATIC,7/7/2020,NJ,6,AMANI,AL-KHATAHTBEH,,,ASIAN,WOMAN,LOST,YES,NO,,,https://www.harpersbazaar.com/culture/politics/a32096765/amani-al-khatahtbeh-new-jersey-congressional-race-district-six/
DEMOCRATIC,7/7/2020,NJ,6,RUSSELL,CIRINCIONE,,,WHITE,MAN,LOST,YES,NO,,,
DEMOCRATIC,7/7/2020,NJ,7,TOM,MALINOWSKI,,,WHITE,MAN,WON,NO,YES,,,
DEMOCRATIC,7/7/2020,NJ,8,ALBIO,SIRES,,,WHITE,MAN,WON,YES,YES,,,
DEMOCRATIC,7/7/2020,NJ,8,HECTOR,OSEGUERA,,,BLACK,MAN,LOST,YES,NO,,,
DEMOCRATIC,7/7/2020,NJ,8,WILL,SHEEHAN,,,WHITE,MAN,LOST,YES,NO,,,
DEMOCRATIC,7/7/2020,NJ,9,BILL,PASCRELL,,,WHITE,MAN,WON,YES,YES,,,
DEMOCRATIC,7/7/2020,NJ,9,ALP,BASARAN,,,WHITE,MAN,LOST,YES,NO,,,
DEMOCRATIC,7/7/2020,NJ,9,ZINOVIA,SPEZAKIS,,,WHITE,WOMAN,LOST,YES,NO,,,
DEMOCRATIC,7/7/2020,NJ,10,DONALD,PAYNE,,JR,BLACK,MAN,WON,YES,YES,,,
DEMOCRATIC,7/7/2020,NJ,10,JOHN,FLORA,J,,WHITE,MAN,LOST,YES,NO,,,
DEMOCRATIC,7/7/2020,NJ,10,EUGENE,MAZO,,,WHITE,MAN,LOST,YES,NO,,,
DEMOCRATIC,7/7/2020,NJ,11,MIKIE,SHERRILL,,,WHITE,WOMAN,WON,NO,YES,,,
DEMOCRATIC,7/7/2020,NJ,12,BONNIE,COLEMAN,WATSON,,BLACK,WOMAN,WON,YES,YES,,,
DEMOCRATIC,7/7/2020,NJ,12,LISA,MCCORMICK,,,WHITE,WOMAN,LOST,YES,NO,,,
REPUBLICAN,7/7/2020,NJ,1,CLAIRE,GUSTAFSON,,,WHITE,WOMAN,WON,NO,NO,,,
REPUBLICAN,7/7/2020,NJ,2,JEFF,DREW,VAN,,WHITE,MAN,WON,YES,YES,,,
REPUBLICAN,7/7/2020,NJ,2,BOB,PATTERSON,,,WHITE,MAN,LOST,YES,NO,,,
REPUBLICAN,7/7/2020,NJ,3,KATE,GIBBS,,,WHITE,WOMAN,LOST,YES,NO,,,
REPUBLICAN,7/7/2020,NJ,3,DAVID,RICHTER,,,WHITE,MAN,WON,YES,NO,,,
REPUBLICAN,7/7/2020,NJ,4,CHRIS,SMITH,,,WHITE,MAN,WON,YES,YES,,,
REPUBLICAN,7/7/2020,NJ,4,ALTER,RICHTER,ELIEZER,,WHITE,MAN,LOST,YES,NO,,,https://newjerseyglobe.com/congress/richter-files-to-challenge-smith-in-nj-4-primary/
REPUBLICAN,7/7/2020,NJ,5,JAMES,BALDINI,,,WHITE,MAN,LOST,YES,NO,,,https://newjerseyglobe.com/education/baldini-raises-1400-for-nj-5-house-bid/
REPUBLICAN,7/7/2020,NJ,5,HECTOR,CASTILLO,,,WHITE,MAN,LOST,YES,NO,,,
REPUBLICAN,7/7/2020,NJ,5,JOHN,MCCANN,,,WHITE,MAN,LOST,YES,NO,,,
REPUBLICAN,7/7/2020,NJ,5,FRANK,PALLOTTA,,,WHITE,MAN,WON,YES,NO,,,
REPUBLICAN,7/7/2020,NJ,6,SAMMY,GINDI,,,WHITE,MAN,LOST,YES,NO,,,https://newjerseyglobe.com/congress/gop-congressional-candidate-says-hes-pro-life-with-an-exception-for-liberals/
REPUBLICAN,7/7/2020,NJ,6,CHRISTIAN,ONUOHA,,,BLACK,MAN,WON,YES,NO,,,
REPUBLICAN,7/7/2020,NJ,7,RAAFAT,BARSOOM,,,WHITE,MAN,LOST,YES,NO,,,
REPUBLICAN,7/7/2020,NJ,7,THOMAS,KEAN,,JR,WHITE,MAN,WON,YES,NO,,,
REPUBLICAN,7/7/2020,NJ,7,TOM,PHILLIPS,,,WHITE,MAN,LOST,YES,NO,,,
REPUBLICAN,7/7/2020,NJ,8,JASON,MUSHNICK,,,WHITE,MAN,WON,NO,NO,,,
REPUBLICAN,7/7/2020,NJ,9,BILLY,PREMPEH,,,BLACK,MAN,WON,YES,NO,,,
REPUBLICAN,7/7/2020,NJ,9,TIMOTHY,WALSH,,,BLACK,MAN,WITHDREW,YES,NO,,,https://www.insidernj.com/bergen-county-young-republicans-re-elect-cericola-elect-walsh-chair-vice-chair/
REPUBLICAN,7/7/2020,NJ,10,JENNIFER,ZINONE,,,WHITE,WOMAN,WON,NO,NO,,,
REPUBLICAN,7/7/2020,NJ,11,ROSEMARY,BECCHI,,,WHITE,WOMAN,WON,NO,NO,,,
REPUBLICAN,7/7/2020,NJ,12,MARK,RAZZOLI,,,WHITE,MAN,WON,NO,NO,,,
DEMOCRATIC,7/14/2020,ME,1,CHELLIE,PINGREE,,,WHITE,WOMAN,WON,NO,YES,,,
DEMOCRATIC,7/14/2020,ME,2,JARED,GOLDEN,,,WHITE,MAN,WON,NO,YES,,,
REPUBLICAN,7/14/2020,ME,1,JAY,ALLEN,,,WHITE,MAN,WON,NO,NO,,,
REPUBLICAN,7/14/2020,ME,2,ADRIENNE,BENNETT,,,WHITE,WOMAN,LOST,YES,NO,,,
REPUBLICAN,7/14/2020,ME,2,ERIC,BRAKEY,,,WHITE,MAN,LOST,YES,NO,,,
REPUBLICAN,7/14/2020,ME,2,DALE,CRAFTS,,,WHITE,MAN,WON,YES,NO,,,
DEMOCRATIC,8/4/2020,AZ,1,TOM,O'HALLERAN,,,WHITE,MAN,WON,YES,YES,,,
DEMOCRATIC,8/4/2020,AZ,1,EVA,PUTZOVA,,,WHITE,WOMAN,LOST,YES,NO,,,
DEMOCRATIC,8/4/2020,AZ,2,ANN,KIRKPATRICK,,,WHITE,WOMAN,WON,YES,YES,,,
DEMOCRATIC,8/4/2020,AZ,2,PETER,QUILTER,,,WHITE,MAN,LOST,YES,NO,,,
DEMOCRATIC,8/4/2020,AZ,3,RAUL,GRIJALVA,,,HISPANIC,MAN,WON,NO,YES,,,
DEMOCRATIC,8/4/2020,AZ,4,DELINA,DISANTO,,,WHITE,WOMAN,WON,YES,NO,,,
DEMOCRATIC,8/4/2020,AZ,4,STUART,STARKY,,,WHITE,MAN,LOST,YES,NO,,,
DEMOCRATIC,8/4/2020,AZ,5,JAVIER,RAMOS,GARCIA,,HISPANIC,MAN,LOST,YES,NO,,,
DEMOCRATIC,8/4/2020,AZ,5,JOAN,GREENE,,,WHITE,WOMAN,WON,YES,NO,,,
DEMOCRATIC,8/4/2020,AZ,5,JONATHAN,IRELAND,,,WHITE,MAN,LOST,YES,NO,,,https://x.com/jonazdistrict5
DEMOCRATIC,8/4/2020,AZ,6,KARL,GENTLES,,,BLACK,MAN,LOST,YES,NO,,,
DEMOCRATIC,8/4/2020,AZ,6,ANITA,MALIK,,,ASIAN,WOMAN,LOST,YES,NO,,,
DEMOCRATIC,8/4/2020,AZ,6,STEPHANIE,RIMMER,,,WHITE,WOMAN,LOST,YES,NO,,,
DEMOCRATIC,8/4/2020,AZ,6,HIRAL,TIPIRNENI,,,ASIAN,WOMAN,WON,YES,NO,,,
DEMOCRATIC,8/4/2020,AZ,7,RUBEN,GALLEGO,,,HISPANIC,MAN,WON,NO,YES,,,
DEMOCRATIC,8/4/2020,AZ,8,MICHAEL,MUSCATO,,,WHITE,MAN,WON,YES,NO,,,
DEMOCRATIC,8/4/2020,AZ,8,BOB,MUSSELWHITE,,,WHITE,MAN,LOST,YES,NO,,,
DEMOCRATIC,8/4/2020,AZ,8,BOB,OLSEN,,,WHITE,MAN,LOST,YES,NO,,,
DEMOCRATIC,8/4/2020,AZ,8,KYLE,MARTIN,,,NOT_FOUND,MAN,LOST,YES,NO,,,
DEMOCRATIC,8/4/2020,AZ,9,GREG,STANTON,,,WHITE,MAN,WON,NO,YES,,,
REPUBLICAN,8/4/2020,AZ,1,NOLAN,REIDHEAD,,,WHITE,MAN,LOST,YES,NO,,,
REPUBLICAN,8/4/2020,AZ,1,TIFFANY,SHEDD,,,WHITE,WOMAN,WON,YES,NO,,,
REPUBLICAN,8/4/2020,AZ,2,BRANDON,MARTIN,,,WHITE,MAN,WON,YES,NO,,,
REPUBLICAN,8/4/2020,AZ,2,JOSEPH,MORGAN,,,WHITE,MAN,LOST,YES,NO,,,
REPUBLICAN,8/4/2020,AZ,2,NORAN,RUDEN,,,WHITE,MAN,LOST,YES,NO,,,
REPUBLICAN,8/4/2020,AZ,2,JORDAN,FLAYER,,,WHITE,MAN,LOST,YES,NO,,,https://apps.arizona.vote/electioninfo/election/4
REPUBLICAN,8/4/2020,AZ,3,DANIEL,WOOD,,,WHITE,MAN,WON,YES,NO,,,
REPUBLICAN,8/4/2020,AZ,3,RICHARD,JOLLEY,,,WHITE,MAN,LOST,YES,NO,,,https://x.com/richardjolley17
REPUBLICAN,8/4/2020,AZ,4,PAUL,GOSAR,,,WHITE,MAN,WON,YES,YES,,,
REPUBLICAN,8/4/2020,AZ,4,ANNE,WARD,MARIE,,WHITE,WOMAN,LOST,YES,NO,,,
REPUBLICAN,8/4/2020,AZ,5,ANDY,BIGGS,,,WHITE,MAN,WON,YES,YES,,,
REPUBLICAN,8/4/2020,AZ,5,JOE,VESS,,,WHITE,MAN,LOST,YES,NO,,,
REPUBLICAN,8/4/2020,AZ,6,DAVID,SCHWEIKERT,,,WHITE,MAN,WON,NO,YES,,,
REPUBLICAN,8/4/2020,AZ,7,JOSH,BARNETT,,,WHITE,MAN,WON,NO,NO,,,
REPUBLICAN,8/4/2020,AZ,8,DEBBIE,LESKO,,,WHITE,WOMAN,WON,NO,YES,,,
REPUBLICAN,8/4/2020,AZ,9,DAVE,GILES,,,WHITE,MAN,WON,YES,NO,,,
REPUBLICAN,8/4/2020,AZ,9,SAM,HUANG,,,ASIAN,MAN,LOST,YES,NO,,,
REPUBLICAN,8/4/2020,AZ,9,NICHOLAS,TUTORA,,,WHITE,MAN,LOST,YES,NO,,,
DEMOCRATIC,8/4/2020,KS,1,KALI,BARNETT,,,WHITE,WOMAN,WON,YES,NO,,,
DEMOCRATIC,8/4/2020,KS,1,CHRISTY,DAVIS,,,NOT_FOUND,NOT_FOUND,LOST,YES,NO,,,
DEMOCRATIC,8/4/2020,KS,2,MICHELLE,DE LA ISLA,,,HISPANIC,WOMAN,WON,YES,NO,,,
DEMOCRATIC,8/4/2020,KS,2,JAMES,WINDHOLZ,,,NOT_FOUND,MAN,LOST,YES,NO,,,
DEMOCRATIC,8/4/2020,KS,3,SHARICE,DAVIDS,,,OTHER,WOMAN,WON,NO,YES,NATIVE AMERICAN,,
DEMOCRATIC,8/4/2020,KS,4,LAURA,LOMBARD,,,WHITE,WOMAN,WON,NO,NO,,,
REPUBLICAN,8/4/2020,KS,1,BILL,CLIFFORD,,,WHITE,MAN,LOST,YES,NO,,,
REPUBLICAN,8/4/2020,KS,1,TRACEY,MANN,,,WHITE,MAN,WON,YES,NO,,,
REPUBLICAN,8/4/2020,KS,1,JERRY,MOLSTAD,,,WHITE,MAN,LOST,YES,NO,,,
REPUBLICAN,8/4/2020,KS,1,MICHAEL,SOETAERT,,,WHITE,MAN,LOST,YES,NO,,,
REPUBLICAN,8/4/2020,KS,2,STEVE,WATKINS,,,WHITE,MAN,LOST,YES,YES,,,
REPUBLICAN,8/4/2020,KS,2,JACOB,LATURNER,,,WHITE,MAN,WON,YES,NO,,,
REPUBLICAN,8/4/2020,KS,2,DENNIS,TAYLOR,,,WHITE,MAN,LOST,YES,NO,,,
REPUBLICAN,8/4/2020,KS,3,AMANDA,ADKINS,,,WHITE,WOMAN,WON,YES,NO,,,
REPUBLICAN,8/4/2020,KS,3,MIKE,BEEHLER,,,WHITE,MAN,LOST,YES,NO,,,
REPUBLICAN,8/4/2020,KS,3,TOM,LOVE,,,WHITE,MAN,LOST,YES,NO,,,https://www.ksnt.com/elections/tom-love-republican-for-u-s-house-kansas-district-3/
REPUBLICAN,8/4/2020,KS,3,ADRIENNE,FOSTER,VALLEJO,,HISPANIC,WOMAN,LOST,YES,NO,,,
REPUBLICAN,8/4/2020,KS,3,SARA,WEIR,HART,,WHITE,WOMAN,LOST,YES,NO,,,
REPUBLICAN,8/4/2020,KS,4,RON,ESTES,,,WHITE,MAN,WON,NO,YES,,,
DEMOCRATIC,8/4/2020,MI,1,DANA,FERGUSON,ALAN,,WHITE,MAN,WON,YES,NO,,,
DEMOCRATIC,8/4/2020,MI,1,LINDA,O'DELL,,,WHITE,WOMAN,LOST,YES,NO,,,
DEMOCRATIC,8/4/2020,MI,2,BRYAN,BERGHOEF,,,WHITE,MAN,WON,NO,NO,,,
DEMOCRATIC,8/4/2020,MI,3,HILLARY,SCHOLTEN,,,WHITE,WOMAN,WON,NO,NO,,,
DEMOCRATIC,8/4/2020,MI,4,ANTHONY,FEIG,,,WHITE,MAN,LOST,YES,NO,,,
DEMOCRATIC,8/4/2020,MI,4,JERRY,HILLIARD,,,WHITE,MAN,WON,YES,NO,,,
DEMOCRATIC,8/4/2020,MI,5,DAN,KILDEE,,,WHITE,MAN,WON,NO,YES,,,
DEMOCRATIC,8/4/2020,MI,6,JON,HOADLEY,,,WHITE,MAN,WON,YES,NO,,,
DEMOCRATIC,8/4/2020,MI,6,JEN,RICHARDSON,,,WHITE,WOMAN,LOST,YES,NO,,,
DEMOCRATIC,8/4/2020,MI,7,GRETCHEN,DRISKELL,,,WHITE,WOMAN,WON,NO,NO,,,
DEMOCRATIC,8/4/2020,MI,8,ELISSA,SLOTKIN,,,WHITE,WOMAN,WON,NO,YES,,,
DEMOCRATIC,8/4/2020,MI,9,ANDY,LEVIN,,,WHITE,MAN,WON,NO,YES,,,
DEMOCRATIC,8/4/2020,MI,10,KIMBERLY,BIZON,,,WHITE,WOMAN,WON,YES,NO,,,
DEMOCRATIC,8/4/2020,MI,10,KELLY,NOLAND,,,WHITE,WOMAN,LOST,YES,NO,,,
DEMOCRATIC,8/4/2020,MI,11,HALEY,STEVENS,,,WHITE,WOMAN,WON,NO,YES,,,
DEMOCRATIC,8/4/2020,MI,12,DEBBIE,DINGELL,,,WHITE,WOMAN,WON,YES,YES,,,
DEMOCRATIC,8/4/2020,MI,12,SOLOMON,RAJPUT,,,ASIAN,MAN,LOST,YES,NO,,,
DEMOCRATIC,8/4/2020,MI,13,RASHIDA,TLAIB,,,ASIAN,WOMAN,WON,YES,YES,,,
DEMOCRATIC,8/4/2020,MI,13,BRENDA,JONES,,,BLACK,WOMAN,LOST,YES,NO,,,
DEMOCRATIC,8/4/2020,MI,14,BRENDA,LAWRENCE,,,BLACK,WOMAN,WON,YES,YES,,,
DEMOCRATIC,8/4/2020,MI,14,TERRANCE,MORRISON,,,BLACK,MAN,LOST,YES,NO,,,
REPUBLICAN,8/4/2020,MI,1,JACK,BERGMAN,,,WHITE,MAN,WON,NO,YES,,,
REPUBLICAN,8/4/2020,MI,2,BILL,HUIZENGA,,,WHITE,MAN,WON,NO,YES,,,
REPUBLICAN,8/4/2020,MI,3,LYNN,AFENDOULIS,,,WHITE,WOMAN,LOST,YES,NO,,,
REPUBLICAN,8/4/2020,MI,3,JOE,FARRINGTON,,,WHITE,MAN,LOST,YES,NO,,,https://www.wzzm13.com/article/news/politics/michigan-politics/republicans-in-3rd-congressional-district-race-to-debate-monday/69-8d2286a9-cf82-4b48-95c0-eb059d0e023f
REPUBLICAN,8/4/2020,MI,3,PETER,MEIJER,,,WHITE,MAN,WON,YES,NO,,,
REPUBLICAN,8/4/2020,MI,3,TOM,NORTON,,,WHITE,MAN,LOST,YES,NO,,,
REPUBLICAN,8/4/2020,MI,3,EMILY,RAFI,,,ASIAN,WOMAN,LOST,YES,NO,,,https://wilkowmajority.com/show-guests/emily-rafi/
REPUBLICAN,8/4/2020,MI,4,JOHN,MOOLENAAR,,,WHITE,MAN,WON,NO,YES,,,
REPUBLICAN,8/4/2020,MI,5,TIM,KELLY,,,WHITE,MAN,WON,YES,NO,,,
REPUBLICAN,8/4/2020,MI,5,EARL,LACKIE,,,WHITE,MAN,LOST,YES,NO,,,https://www.facebook.com/people/Earl-Lackie-for-Congress/100057623546535/
REPUBLICAN,8/4/2020,MI,6,FRED,UPTON,,,WHITE,MAN,WON,YES,YES,,,
REPUBLICAN,8/4/2020,MI,6,ELENA,OELKE,,,WHITE,WOMAN,LOST,YES,NO,,,
REPUBLICAN,8/4/2020,MI,7,TIM,WALBERG,,,WHITE,MAN,WON,NO,YES,,,
REPUBLICAN,8/4/2020,MI,8,MIKE,DETMER,,,WHITE,MAN,LOST,YES,NO,,,
REPUBLICAN,8/4/2020,MI,8,ALAN,HOOVER,,,WHITE,MAN,LOST,YES,NO,,,
REPUBLICAN,8/4/2020,MI,8,PAUL,JUNGE,,,WHITE,MAN,WON,YES,NO,,,
REPUBLICAN,8/4/2020,MI,8,KRISTINA,LYKE,,,WHITE,WOMAN,LOST,YES,NO,,,
REPUBLICAN,8/4/2020,MI,9,GABI,GROSSBARD,,,WHITE,MAN,LOST,YES,NO,,,
REPUBLICAN,8/4/2020,MI,9,CHARLES,LANGWORTHY,,,WHITE,MAN,WON,YES,NO,,,
REPUBLICAN,8/4/2020,MI,10,SHANE,HERNANDEZ,,,WHITE,MAN,LOST,YES,NO,,,
REPUBLICAN,8/4/2020,MI,10,LISA,MCCLAIN,,,WHITE,WOMAN,WON,YES,NO,,,
REPUBLICAN,8/4/2020,MI,10,DOUG,SLOCUM,,,WHITE,MAN,LOST,YES,NO,,,
REPUBLICAN,8/4/2020,MI,11,FRANK,ACOSTA,,,WHITE,MAN,LOST,YES,NO,,,
REPUBLICAN,8/4/2020,MI,11,KERRY,BENTIVOLIO,,,WHITE,MAN,LOST,YES,NO,,,
REPUBLICAN,8/4/2020,MI,11,CARMELITA,GRECO,,,HISPANIC,WOMAN,LOST,YES,NO,,,
REPUBLICAN,8/4/2020,MI,11,ERIC,ESSHAKI,,,WHITE,MAN,WON,YES,NO,,,
REPUBLICAN,8/4/2020,MI,11,WHITTNEY,WILLIAMS,,,ASIAN,WOMAN,LOST,YES,NO,,,
REPUBLICAN,8/4/2020,MI,11,ERIC,SANDBERG,,,NOT_FOUND,MAN,LOST,YES,NO,,,
REPUBLICAN,8/4/2020,MI,12,JEFF,JONES,,,WHITE,MAN,WON,NO,NO,,,
REPUBLICAN,8/4/2020,MI,13,DAVID,DUDENHOEFER,,,WHITE,MAN,WON,YES,NO,,,
REPUBLICAN,8/4/2020,MI,13,ALFRED,LEMMO,,,WHITE,MAN,LOST,YES,NO,,,
REPUBLICAN,8/4/2020,MI,13,LINDA,SAWYER,,,WHITE,WOMAN,LOST,YES,NO,,,
REPUBLICAN,8/4/2020,MI,14,DARYLE,HOUSTON,,,BLACK,MAN,LOST,YES,NO,,,
REPUBLICAN,8/4/2020,MI,14,ROBERT,PATRICK,VANCE,,WHITE,MAN,WON,YES,NO,,,
DEMOCRATIC,8/4/2020,MO,1,WILLIAM,CLAY,LACY,,BLACK,MAN,LOST,YES,YES,,,
DEMOCRATIC,8/4/2020,MO,1,KATHERINE,BRUCKNER,,,NOT_FOUND,WOMAN,LOST,YES,NO,,,
DEMOCRATIC,8/4/2020,MO,1,CORI,BUSH,,,BLACK,WOMAN,WON,YES,NO,,,
DEMOCRATIC,8/4/2020,MO,2,JILL,SCHUPP,,,WHITE,WOMAN,WON,NO,NO,,,
DEMOCRATIC,8/4/2020,MO,3,DENNIS,OGLESBY,,,WHITE,WOMAN,LOST,YES,NO,,,
DEMOCRATIC,8/4/2020,MO,3,MEGAN,REZABEK,,,WHITE,MAN,WON,YES,NO,,,
DEMOCRATIC,8/4/2020,MO,4,LINDSEY,SIMMONS,,,WHITE,WOMAN,WON,NO,NO,,,
DEMOCRATIC,8/4/2020,MO,5,EMANUEL,CLEAVER,,,BLACK,MAN,WON,YES,YES,,,
DEMOCRATIC,8/4/2020,MO,5,MAITE,SALAZAR,,,WHITE,WOMAN,LOST,YES,NO,,,
DEMOCRATIC,8/4/2020,MO,6,RAMONA,FARRIS,,,WHITE,WOMAN,WITHDREW,YES,NO,,,
DEMOCRATIC,8/4/2020,MO,6,HENRY,MARTIN,,,BLACK,MAN,LOST,YES,NO,,,
DEMOCRATIC,8/4/2020,MO,6,GENA,ROSS,,,BLACK,WOMAN,WON,YES,NO,,,
DEMOCRATIC,8/4/2020,MO,6,DONALD,SARTAIN,ROBERT,,WHITE,MAN,LOST,YES,NO,,,
DEMOCRATIC,8/4/2020,MO,6,CHARLES,WEST,,,WHITE,MAN,LOST,YES,NO,,,
DEMOCRATIC,8/4/2020,MO,7,TERESA,MONTSENY,,,WHITE,WOMAN,WON,NO,NO,,,
DEMOCRATIC,8/4/2020,MO,8,KATHY,ELLIS,,,WHITE,WOMAN,WON,NO,NO,,,
REPUBLICAN,8/4/2020,MO,1,WINNIE,HEARTSTRONG,,,BLACK,WOMAN,LOST,YES,NO,,,
REPUBLICAN,8/4/2020,MO,1,ANTHONY,ROGERS,,,WHITE,MAN,WON,YES,NO,,,
REPUBLICAN,8/4/2020,MO,2,ANN,WAGNER,,,WHITE,WOMAN,WON,NO,YES,,,
REPUBLICAN,8/4/2020,MO,3,BLAINE,LUETKEMEYER,,,WHITE,MAN,WON,YES,YES,,,
REPUBLICAN,8/4/2020,MO,3,JEFFREY,NOWAK,,,WHITE,MAN,LOST,YES,NO,,,
REPUBLICAN,8/4/2020,MO,3,LYNETTE,TRARES,,,WHITE,WOMAN,LOST,YES,NO,,,
REPUBLICAN,8/4/2020,MO,3,BRANDON,WILKINSON,,,WHITE,MAN,LOST,YES,NO,,,
REPUBLICAN,8/4/2020,MO,3,ADELA,WISDOM,,,WHITE,WOMAN,LOST,YES,NO,,,
REPUBLICAN,8/4/2020,MO,4,VICKY,HARTZLER,,,WHITE,WOMAN,WON,YES,YES,,,
REPUBLICAN,8/4/2020,MO,4,NEAL,GIST,,,WHITE,MAN,LOST,YES,NO,,,
REPUBLICAN,8/4/2020,MO,5,JERRY,BARHAM,,,WHITE,MAN,LOST,YES,NO,,,
REPUBLICAN,8/4/2020,MO,5,CLAY,CHASTAIN,,,WHITE,MAN,LOST,YES,NO,,,
REPUBLICAN,8/4/2020,MO,5,RYAN,DERKS,,,WHITE,MAN,WON,YES,NO,,,
REPUBLICAN,8/4/2020,MO,5,R,DERKS,H,,WHITE,MAN,LOST,YES,NO,,,
REPUBLICAN,8/4/2020,MO,5,RICHONDA,OAKS,,,NOT_FOUND,NOT_FOUND,LOST,YES,NO,,,
REPUBLICAN,8/4/2020,MO,5,WELDON,WOODWARD,,,WHITE,MAN,LOST,YES,NO,,,
REPUBLICAN,8/4/2020,MO,6,SAM,GRAVES,,,WHITE,MAN,WON,YES,YES,,,
REPUBLICAN,8/4/2020,MO,6,CHRISTOPHER,RYAN,,,WHITE,MAN,LOST,YES,NO,,,
REPUBLICAN,8/4/2020,MO,7,BILLY,LONG,,,WHITE,MAN,WON,YES,YES,,,
REPUBLICAN,8/4/2020,MO,7,STEVE,CHENTNIK,,,WHITE,MAN,LOST,YES,NO,,,
REPUBLICAN,8/4/2020,MO,7,ERIC,HARLEMAN,,,WHITE,MAN,LOST,YES,NO,,,https://x.com/electharleman
REPUBLICAN,8/4/2020,MO,7,CAMILLE,LOMBARDI-OLIVE,,,WHITE,WOMAN,LOST,YES,NO,,,
REPUBLICAN,8/4/2020,MO,7,KEVIN,VANSTORY,,,WHITE,MAN,LOST,YES,NO,,,
REPUBLICAN,8/4/2020,MO,8,JASON,SMITH,,,WHITE,MAN,WON,NO,YES,,,
TOP-TWO,8/4/2020,WA,1,SUZAN,DELBENE,,,WHITE,WOMAN,WON,YES,YES,,DEMOCRAT,
TOP-TWO,8/4/2020,WA,1,JEFFREY,BEELER,,,WHITE,MAN,WON,YES,NO,,REPUBLICAN,
TOP-TWO,8/4/2020,WA,1,DEREK,CHARTRAND,,,WHITE,MAN,LOST,YES,NO,,REPUBLICAN,
TOP-TWO,8/4/2020,WA,1,MATTHEW,HEINES,,,WHITE,MAN,LOST,YES,NO,,UNAFFILIATED,
TOP-TWO,8/4/2020,WA,1,ROBERT,MAIR,,,NOT_FOUND,MAN,LOST,YES,NO,,UNAFFILIATED,
TOP-TWO,8/4/2020,WA,1,STEVEN,SKELTON,,,WHITE,MAN,LOST,YES,NO,,LIBERTARIAN,https://www.facebook.com/oneseatforliberty/
TOP-TWO,8/4/2020,WA,1,JUSTIN,SMOAK,,,WHITE,MAN,LOST,YES,NO,,UNAFFILIATED,
TOP-TWO,8/4/2020,WA,2,RICK,LARSEN,,,WHITE,MAN,WON,YES,YES,,DEMOCRAT,
TOP-TWO,8/4/2020,WA,2,JASON,CALL,,,WHITE,MAN,LOST,YES,NO,,DEMOCRAT,
TOP-TWO,8/4/2020,WA,2,JAMES,GOLDER,,,NOT_FOUND,MAN,LOST,YES,NO,,REPUBLICAN,
TOP-TWO,8/4/2020,WA,2,CODY,HART,,,WHITE,MAN,LOST,YES,NO,,REPUBLICAN,
TOP-TWO,8/4/2020,WA,2,TIMOTHY,HAZELO,,,WHITE,MAN,WON,YES,NO,,REPUBLICAN,
TOP-TWO,8/4/2020,WA,2,KARI,ILONUMMI,,,NOT_FOUND,NOT_FOUND,LOST,YES,NO,,REPUBLICAN,
TOP-TWO,8/4/2020,WA,2,CARRIE,KENNEDY,,,WHITE,WOMAN,LOST,YES,NO,,REPUBLICAN,
TOP-TWO,8/4/2020,WA,2,TIM,UY,,,ASIAN,MAN,LOST,YES,NO,,REPUBLICAN,
TOP-TWO,8/4/2020,WA,3,JAIME,BEUTLER,HERRERA,,HISPANIC,WOMAN,WON,YES,YES,,REPUBLICAN,
TOP-TWO,8/4/2020,WA,3,DEVIN,GRAY,,,NOT_FOUND,NOT_FOUND,LOST,YES,NO,,DEMOCRAT,
TOP-TWO,8/4/2020,WA,3,MARTIN,HASH,,,WHITE,MAN,LOST,YES,NO,,UNAFFILIATED,
TOP-TWO,8/4/2020,WA,3,CAROLYN,LONG,,,WHITE,WOMAN,WON,YES,NO,,DEMOCRAT,
TOP-TWO,8/4/2020,WA,3,DAVY,RAY,,,WHITE,MAN,LOST,YES,NO,,DEMOCRAT,
TOP-TWO,8/4/2020,WA,4,DAN,NEWHOUSE,,,WHITE,MAN,WON,YES,YES,,REPUBLICAN,
TOP-TWO,8/4/2020,WA,4,RYAN,COOPER,,,NOT_FOUND,NOT_FOUND,LOST,YES,NO,,LIBERTARIAN,
TOP-TWO,8/4/2020,WA,4,EVAN,JONES,,,WHITE,MAN,LOST,YES,NO,,INDEPENDENT,
TOP-TWO,8/4/2020,WA,4,DOUG,MCKINLEY,,,WHITE,MAN,WON,YES,NO,,DEMOCRAT,
TOP-TWO,8/4/2020,WA,4,SARENA,SLOOT,,,WHITE,WOMAN,LOST,YES,NO,,REPUBLICAN,
TOP-TWO,8/4/2020,WA,4,TRACY,WRIGHT,,,WHITE,WOMAN,LOST,YES,NO,,REPUBLICAN,
TOP-TWO,8/4/2020,WA,5,CATHY,MCMORRIS,RODGERS,,WHITE,WOMAN,WON,YES,YES,,REPUBLICAN,
TOP-TWO,8/4/2020,WA,5,CHRISTOPHER,ARMITAGE,,,WHITE,MAN,LOST,YES,NO,,DEMOCRAT,
TOP-TWO,8/4/2020,WA,5,STEPHEN,MAJOR,,,WHITE,MAN,LOST,YES,NO,,REPUBLICAN,
TOP-TWO,8/4/2020,WA,5,BRENDAN,O'REGAN,,,NOT_FOUND,MAN,LOST,YES,NO,,INDEPENDENT,
TOP-TWO,8/4/2020,WA,5,DAVE,WILSON,,,WHITE,MAN,WON,YES,NO,,DEMOCRAT,
TOP-TWO,8/4/2020,WA,6,DEREK,KILMER,,,WHITE,MAN,WON,YES,YES,,DEMOCRAT,
TOP-TWO,8/4/2020,WA,6,JOHNY,ALBERG,,,WHITE,MAN,LOST,YES,NO,,REPUBLICAN,https://www.kitsapsun.com/story/news/2020/08/04/washington-primary-election-results-us-house-4th-congressional-district/5577858002/
TOP-TWO,8/4/2020,WA,6,STEPHAN,BRODHEAD,ANDREW,,WHITE,MAN,LOST,YES,NO,,REPUBLICAN,
TOP-TWO,8/4/2020,WA,6,ELIZABETH,KREISELMAIER,,,WHITE,WOMAN,WON,YES,NO,,REPUBLICAN,
TOP-TWO,8/4/2020,WA,6,REBECCA,PARSON,,,WHITE,WOMAN,LOST,YES,NO,,DEMOCRAT,
TOP-TWO,8/4/2020,WA,6,CHRIS,WELTON,,,WHITE,MAN,LOST,YES,NO,,REPUBLICAN,https://www.kitsapsun.com/story/news/2020/08/04/washington-primary-election-results-us-house-4th-congressional-district/5577858002/
TOP-TWO,8/4/2020,WA,7,PRAMILA,JAYAPAL,,,ASIAN,WOMAN,WON,YES,YES,,DEMOCRAT,
TOP-TWO,8/4/2020,WA,7,JACK,HUGHES-HAGEMAN,,,WHITE,MAN,LOST,YES,NO,,DEMOCRAT,
TOP-TWO,8/4/2020,WA,7,CRAIG,KELLER,,,WHITE,MAN,WON,YES,NO,,REPUBLICAN,
TOP-TWO,8/4/2020,WA,7,RICK,LEWIS,,,NOT_FOUND,MAN,LOST,YES,NO,,INDEPENDENT,
TOP-TWO,8/4/2020,WA,7,SCOTT,SUTHERLAND,,,NOT_FOUND,MAN,LOST,YES,NO,,REPUBLICAN,
TOP-TWO,8/4/2020,WA,8,KIM,SCHRIER,,,WHITE,WOMAN,WON,YES,YES,,DEMOCRAT,
TOP-TWO,8/4/2020,WA,8,KEITH,ARNOLD,,,BLACK,MAN,LOST,YES,NO,,DEMOCRAT,
TOP-TWO,8/4/2020,WA,8,COREY,BAILEY,,,WHITE,MAN,LOST,YES,NO,,INDEPENDENT,
TOP-TWO,8/4/2020,WA,8,RYAN,BURKETT,DEAN,,WHITE,MAN,LOST,YES,NO,,UNAFFILIATED,
TOP-TWO,8/4/2020,WA,8,JESSE,JENSEN,,,WHITE,MAN,WON,YES,NO,,REPUBLICAN,
TOP-TWO,8/4/2020,WA,8,JAMES,MITCHELL,,,WHITE,MAN,LOST,YES,NO,,DEMOCRAT,
TOP-TWO,8/4/2020,WA,8,DAVE,SAULIBIO,,,ASIAN,MAN,LOST,YES,NO,,TRUMP REPUBLICAN PARTY,
TOP-TWO,8/4/2020,WA,8,KEITH,SWANK,,,WHITE,MAN,LOST,YES,NO,,REPUBLICAN,
TOP-TWO,8/4/2020,WA,9,D,SMITH,ADAM,,WHITE,MAN,WON,YES,YES,,DEMOCRAT,
TOP-TWO,8/4/2020,WA,9,DOUGLAS,BASLER,MICHAEL,,WHITE,MAN,WON,YES,NO,,REPUBLICAN,
TOP-TWO,8/4/2020,WA,9,JORGE,BESADA,,,NOT_FOUND,MAN,LOST,YES,NO,,LIBERTARIAN,
TOP-TWO,8/4/2020,WA,9,JOSHUA,CAMPBELL,,,NOT_FOUND,MAN,LOST,YES,NO,,REPUBLICAN,
TOP-TWO,8/4/2020,WA,10,MARY,BACON,,,ASIAN,WOMAN,LOST,YES,NO,,DEMOCRAT,
TOP-TWO,8/4/2020,WA,10,RANDY,BELL,,,NOT_FOUND,MAN,LOST,YES,NO,,DEMOCRAT,
TOP-TWO,8/4/2020,WA,10,RICHARD,BOYCE,,,WHITE,MAN,LOST,YES,NO,,CONGRESS SUCKS PARTY,
TOP-TWO,8/4/2020,WA,10,TODD,BUCKLEY,,,BLACK,MAN,LOST,YES,NO,,INDEPENDENT,
TOP-TWO,8/4/2020,WA,10,JOSHUA,COLLINS,,,WHITE,MAN,LOST,YES,NO,,ESSENTIAL WORKERS PARTY,
TOP-TWO,8/4/2020,WA,10,BETH,DOGLIO,,,WHITE,WOMAN,WON,YES,NO,,DEMOCRAT,
TOP-TWO,8/4/2020,WA,10,PHIL,GARDNER,,,WHITE,MAN,LOST,YES,NO,,DEMOCRAT,
TOP-TWO,8/4/2020,WA,10,DON,HEWETT,,,WHITE,MAN,LOST,YES,NO,,REPUBLICAN,
TOP-TWO,8/4/2020,WA,10,RIAN,INGRIM,,,WHITE,MAN,LOST,YES,NO,,REPUBLICAN,
TOP-TWO,8/4/2020,WA,10,DEAN,JOHNSON,,,WHITE,MAN,LOST,YES,NO,,REPUBLICAN,
TOP-TWO,8/4/2020,WA,10,RALPH,JOHNSON,,,NOT_FOUND,MAN,LOST,YES,NO,,REPUBLICAN,
TOP-TWO,8/4/2020,WA,10,ERIC,LEMAY,,,WHITE,MAN,LOST,YES,NO,,DEMOCRAT,
TOP-TWO,8/4/2020,WA,10,JACKSON,MAYNARD,,,WHITE,MAN,LOST,YES,NO,,REPUBLICAN,
TOP-TWO,8/4/2020,WA,10,GORDON,PROSS,ALLEN,,NOT_FOUND,MAN,LOST,YES,NO,,REPUBLICAN,
TOP-TWO,8/4/2020,WA,10,KRISTINE,REEVES,,,BLACK,WOMAN,LOST,YES,NO,,DEMOCRAT,
TOP-TWO,8/4/2020,WA,10,NANCY,SLOTNICK,,,WHITE,WOMAN,LOST,YES,NO,,REPUBLICAN,
TOP-TWO,8/4/2020,WA,10,MARILYN,STRICKLAND,,,BLACK,WOMAN,WON,YES,NO,,DEMOCRAT,
TOP-TWO,8/4/2020,WA,10,RYAN,TATE,,,WHITE,MAN,LOST,YES,NO,,REPUBLICAN,
TOP-TWO,8/4/2020,WA,10,SAM,WRIGHT,,,NOT_FOUND,NOT_FOUND,LOST,YES,NO,,DEMOCRAT,
DEMOCRATIC,8/6/2020,TN,1,CHRIS,ROWE,,,WHITE,MAN,WITHDREW,YES,NO,,,
DEMOCRATIC,8/6/2020,TN,1,LARRY,SMITH,,,NOT_FOUND,MAN,WITHDREW,YES,NO,,,
DEMOCRATIC,8/6/2020,TN,1,BLAIR,WALSINGHAM,,,WHITE,WOMAN,WON,YES,NO,,,
DEMOCRATIC,8/6/2020,TN,2,CHANCE,BROWN,,,WHITE,MAN,LOST,YES,NO,,,
DEMOCRATIC,8/6/2020,TN,2,RENEE,HOYOS,,,WHITE,WOMAN,WON,YES,NO,,,
DEMOCRATIC,8/6/2020,TN,3,MEG,GORMAN,,,WHITE,WOMAN,WON,NO,NO,,,
DEMOCRATIC,8/6/2020,TN,4,NOELLE,BIVENS,,,WHITE,WOMAN,LOST,YES,NO,,,
DEMOCRATIC,8/6/2020,TN,4,CHRISTOPHER,HALE,,,WHITE,MAN,WON,YES,NO,,,
DEMOCRATIC,8/6/2020,TN,5,JIM,COOPER,,,WHITE,MAN,WON,YES,YES,,,
DEMOCRATIC,8/6/2020,TN,5,KEEDA,HAYNES,,,BLACK,WOMAN,LOST,YES,NO,,,
DEMOCRATIC,8/6/2020,TN,5,JOSHUA,RAWLINGS,,,WHITE,MAN,LOST,YES,NO,,,
DEMOCRATIC,8/6/2020,TN,6,CHRISTOPHER,FINLEY,,,WHITE,MAN,WON,NO,NO,,,
DEMOCRATIC,8/6/2020,TN,7,KIRAN,SREEPADA,,,ASIAN,MAN,WON,NO,NO,,,
DEMOCRATIC,8/6/2020,TN,8,ERIKA,PEARSON,STOTTS,,BLACK,WOMAN,WON,YES,NO,,,
DEMOCRATIC,8/6/2020,TN,8,LAWRENCE,PIVNICK,,,WHITE,MAN,LOST,YES,NO,,,
DEMOCRATIC,8/6/2020,TN,8,HOLLIS,SKINNER,,,BLACK,MAN,LOST,YES,NO,,https://x.com/skinner_hollis,
DEMOCRATIC,8/6/2020,TN,8,SAVANNAH,WILLIAMSON,,,NOT_FOUND,WOMAN,LOST,YES,NO,,,
DEMOCRATIC,8/6/2020,TN,9,STEVE,COHEN,,,WHITE,MAN,WON,YES,YES,,,
DEMOCRATIC,8/6/2020,TN,9,LEO,AWGOWHAT,,,WHITE,MAN,LOST,YES,NO,,https://wreg.com/news/leo-awgowhat-talks-about-his-multiple-personalities-blames-them-for-vandalizing-statue/,
DEMOCRATIC,8/6/2020,TN,9,COREY,STRONG,,,BLACK,MAN,LOST,YES,NO,,,
REPUBLICAN,8/6/2020,TN,1,JAY,ADKINS,,,WHITE,MAN,LOST,YES,NO,,,
REPUBLICAN,8/6/2020,TN,1,PHIL,ARLINGHAUS,,,WHITE,MAN,LOST,YES,NO,,,
REPUBLICAN,8/6/2020,TN,1,RICHARD,BAKER,,,WHITE,MAN,LOST,YES,NO,,https://www.wjhl.com/news/your-local-election-hq/meet-the-candidates-richard-baker-for-tennessees-1st-congressional-district-seat/,
REPUBLICAN,8/6/2020,TN,1,CHANCE,CANSLER,,,WHITE,MAN,LOST,YES,NO,,,
REPUBLICAN,8/6/2020,TN,1,JOHN,CLARK,,,WHITE,MAN,LOST,YES,NO,,,
REPUBLICAN,8/6/2020,TN,1,RUSTY,CROWE,,,WHITE,MAN,LOST,YES,NO,,,
REPUBLICAN,8/6/2020,TN,1,STEVE,DARDEN,,,WHITE,MAN,LOST,YES,NO,,https://www.facebook.com/stevedardenforcongress/,
REPUBLICAN,8/6/2020,TN,1,CHAD,FLEENOR,,,WHITE,MAN,WITHDREW,YES,NO,,,
REPUBLICAN,8/6/2020,TN,1,ROBERT,FRANKLIN,,,WHITE,MAN,LOST,YES,NO,,https://www.johnsoncitypress.com/independent-congressional-candidates-family-tree-has-roots-in-founding-of-u-s/article_701f66c2-49e3-54bc-8254-170ec33823de.html,
REPUBLICAN,8/6/2020,TN,1,JOSH,GAPP,,,WHITE,MAN,LOST,YES,NO,,,
REPUBLICAN,8/6/2020,TN,1,DIANA,HARSHBARGER,,,WHITE,WOMAN,WON,YES,NO,,,
REPUBLICAN,8/6/2020,TN,1,DAVID,HAWK,,,WHITE,MAN,LOST,YES,NO,,,
REPUBLICAN,8/6/2020,TN,1,TIMOTHY,HILL,,,WHITE,MAN,LOST,YES,NO,,,
REPUBLICAN,8/6/2020,TN,1,CHUCK,MILLER,,,NOT_FOUND,MAN,LOST,YES,NO,,,
REPUBLICAN,8/6/2020,TN,1,CARTER,QUILLEN,,,NOT_FOUND,MAN,LOST,YES,NO,,,
REPUBLICAN,8/6/2020,TN,1,NICHOLE,WILLIAMS,,,WHITE,WOMAN,LOST,YES,NO,,,
REPUBLICAN,8/6/2020,TN,2,TIM,BURCHETT,,,WHITE,MAN,WON,NO,YES,,,
REPUBLICAN,8/6/2020,TN,3,CHARLES,FLEISCHMANN,J,,WHITE,MAN,WON,NO,YES,,,
REPUBLICAN,8/6/2020,TN,4,SCOTT,DESJARLAIS,,,WHITE,MAN,WON,YES,YES,,,
REPUBLICAN,8/6/2020,TN,4,DOUG,MEYER,,,WHITE,MAN,LOST,YES,NO,,,https://allongeorgia.com/bulloch-local-government/fmr-brooklet-police-chief-running-for-congress/#google_vignette
REPUBLICAN,8/6/2020,TN,4,RANDY,SHARP,,,NOT_FOUND,MAN,LOST,YES,NO,,,
REPUBLICAN,8/6/2020,TN,6,JOHN,ROSE,,,WHITE,MAN,WON,NO,YES,,,
REPUBLICAN,8/6/2020,TN,7,MARK,GREEN,,,WHITE,MAN,WON,NO,YES,,,
REPUBLICAN,8/6/2020,TN,8,DAVID,KUSTOFF,,,WHITE,MAN,WON,NO,YES,,,
REPUBLICAN,8/6/2020,TN,9,CHARLOTTE,BERGMANN,,,BLACK,WOMAN,WON,NO,NO,,,
DEMOCRATIC,8/8/2020,HI,1,ED,CASE,,,WHITE,MAN,WON,NO,YES,,,
DEMOCRATIC,8/8/2020,HI,2,BRIAN,EVANS,,,WHITE,MAN,LOST,YES,NO,,,
DEMOCRATIC,8/8/2020,HI,2,NOELLE,FAMERA,,,WHITE,WOMAN,LOST,YES,NO,,,
DEMOCRATIC,8/8/2020,HI,2,KAIALI'I,KAHELE,,,OTHER,MAN,WON,YES,NO,NATIVE HAWAIIAN,,
DEMOCRATIC,8/8/2020,HI,2,BRENDA,LEE,,,NOT_FOUND,WOMAN,LOST,YES,NO,,,
REPUBLICAN,8/8/2020,HI,1,RON,CURTIS,,,WHITE,MAN,WON,YES,NO,,,
REPUBLICAN,8/8/2020,HI,1,JAMES,DICKENS,,,WHITE,MAN,LOST,YES,NO,,,
REPUBLICAN,8/8/2020,HI,1,NANCY,OLSON,,,WHITE,WOMAN,LOST,YES,NO,,,
REPUBLICAN,8/8/2020,HI,1,ARTURO,REYES,,,OTHER,MAN,LOST,YES,NO,NATIVE HAWAIIAN,,
REPUBLICAN,8/8/2020,HI,1,TAYLOR,SMITH,,,WHITE,MAN,LOST,YES,NO,,,
REPUBLICAN,8/8/2020,HI,2,JOSEPH,AKANA,,,WHITE,MAN,WON,YES,NO,,,
REPUBLICAN,8/8/2020,HI,2,STEVEN,BOND,,,WHITE,MAN,LOST,YES,NO,,,
REPUBLICAN,8/8/2020,HI,2,KARLA,GOTTSCHALK,,,WHITE,WOMAN,LOST,YES,NO,,,
REPUBLICAN,8/8/2020,HI,2,DAVID,HAMMAN,,,WHITE,MAN,LOST,YES,NO,,,https://www.hawaiinewsnow.com/2020/07/03/coffee-with-candidate-david-hamman-republican-candidate-congress/
REPUBLICAN,8/8/2020,HI,2,ELISE,KANESHIRO,HATSUKO,,ASIAN,WOMAN,LOST,YES,NO,,,
REPUBLICAN,8/8/2020,HI,2,NICHOLAS,LOVE,,,WHITE,MAN,LOST,YES,NO,,,https://www.hawaiinewsnow.com/2020/07/16/coffee-with-candidate-nicholas-love-republican-candidate-congress/
REPUBLICAN,8/8/2020,HI,2,ROBERT,NAGAMINE,,,ASIAN,MAN,LOST,YES,NO,,,https://www.facebook.com/voterobertnagamine/
REPUBLICAN,8/8/2020,HI,2,RAYMOND,QUEL,,,NOT_FOUND,MAN,LOST,YES,NO,,,
REPUBLICAN,8/8/2020,HI,2,FELIPE,NICOLAS,SAN,,ASIAN,MAN,LOST,YES,NO,,,https://www.civilbeat.org/2020/07/candidate-qa-u-s-house-district-2-felipe-san-nicolas/
DEMOCRATIC,8/11/2020,CT,1,JOHN,LARSON,,,WHITE,MAN,WON,NO,YES,PRIMARY CANCELLED,,
DEMOCRATIC,8/11/2020,CT,2,JOE,COURTNEY,,,WHITE,MAN,WON,NO,YES,PRIMARY CANCELLED,,
DEMOCRATIC,8/11/2020,CT,3,ROSA,DELAURO,L,,WHITE,WOMAN,WON,NO,YES,PRIMARY CANCELLED,,
DEMOCRATIC,8/11/2020,CT,4,JIM,HIMES,,,WHITE,MAN,WON,NO,YES,PRIMARY CANCELLED,,
DEMOCRATIC,8/11/2020,CT,5,JAHANA,HAYES,,,BLACK,WOMAN,WON,NO,YES,PRIMARY CANCELLED,,
REPUBLICAN,8/11/2020,CT,1,MARY,FAY,,,WHITE,WOMAN,WON,YES,NO,,,
REPUBLICAN,8/11/2020,CT,1,JIM,GRIFFIN,,,WHITE,MAN,LOST,YES,NO,,,https://www.ctpublic.org/news/2024-09-27/ct-congress-candidates-jim-griffin-conspiracies
REPUBLICAN,8/11/2020,CT,2,JUSTIN,ANDERSON,,,WHITE,MAN,WON,YES,NO,,,
REPUBLICAN,8/11/2020,CT,2,THOMAS,GILMER,,,WHITE,MAN,WITHDREW,YES,NO,,,
REPUBLICAN,8/11/2020,CT,3,MARGARET,STREICKER,,,WHITE,WOMAN,WON,NO,NO,PRIMARY CANCELLED,,
REPUBLICAN,8/11/2020,CT,4,JONATHAN,RIDDLE,,,WHITE,MAN,WON,NO,NO,PRIMARY CANCELLED,,
REPUBLICAN,8/11/2020,CT,5,DAVID,SULLIVAN,XAVIER,,WHITE,MAN,WON,NO,NO,PRIMARY CANCELLED,,
DEMOCRATIC,8/11/2020,MN,1,DAN,FEEHAN,,,WHITE,MAN,WON,NO,NO,PRIMARY CANCELLED,,
DEMOCRATIC,8/11/2020,MN,2,ANGIE,CRAIG,,,WHITE,WOMAN,WON,NO,YES,PRIMARY CANCELLED,,
DEMOCRATIC,8/11/2020,MN,3,DEAN,PHILLIPS,,,WHITE,MAN,WON,YES,YES,,,
DEMOCRATIC,8/11/2020,MN,3,COLE,YOUNG,,,WHITE,MAN,LOST,YES,NO,,,
DEMOCRATIC,8/11/2020,MN,4,BETTY,MCCOLLUM,,,WHITE,WOMAN,WON,YES,YES,,,
DEMOCRATIC,8/11/2020,MN,4,TIFFINI,FORSLUND,FLYNN,,BLACK,WOMAN,LOST,YES,NO,,,
DEMOCRATIC,8/11/2020,MN,4,ALBERDER,GILLESPIE,,,BLACK,WOMAN,LOST,YES,NO,,,https://www.tptoriginals.org/motivated-by-racism-one-black-woman-plans-to-change-minnesota-politics/
DEMOCRATIC,8/11/2020,MN,4,REID,ROSSELL,,,NOT_FOUND,MAN,LOST,YES,NO,,,
DEMOCRATIC,8/11/2020,MN,4,DAVID,SANDBECK,,,WHITE,MAN,LOST,YES,NO,,,
DEMOCRATIC,8/11/2020,MN,5,ILHAN,OMAR,,,BLACK,WOMAN,WON,YES,YES,,,
DEMOCRATIC,8/11/2020,MN,5,LES,LESTER,,,BLACK,MAN,LOST,YES,NO,,,
DEMOCRATIC,8/11/2020,MN,5,JOHN,MASON,,,BLACK,MAN,LOST,YES,NO,,,
DEMOCRATIC,8/11/2020,MN,5,DANIEL,MCCARTHY,PATRICK,,NOT_FOUND,MAN,LOST,YES,NO,,,
DEMOCRATIC,8/11/2020,MN,5,ANTONE,MELTON-MEAUX,,,BLACK,MAN,LOST,YES,NO,,,
DEMOCRATIC,8/11/2020,MN,6,TAWNJA,ZAHRADKA,,,WHITE,WOMAN,WON,NO,NO,,,https://www.mprnews.org/story/2019/10/16/tawnja-zahradka-joins-race-for-minnesotas-6th-district
DEMOCRATIC,8/11/2020,MN,7,COLLIN,PETERSON,,,WHITE,MAN,WON,YES,YES,,,
DEMOCRATIC,8/11/2020,MN,7,STEPHEN,EMERY,,,WHITE,MAN,LOST,YES,NO,,,
DEMOCRATIC,8/11/2020,MN,7,ALYCIA,GRUENHAGEN,,,WHITE,WOMAN,LOST,YES,NO,,,
DEMOCRATIC,8/11/2020,MN,8,QUINN,NYSTROM,,,WHITE,WOMAN,WON,NO,NO,,,
REPUBLICAN,8/11/2020,MN,1,JIM,HAGEDORN,,,WHITE,MAN,WON,NO,YES,PRIMARY CANCELLED,,
REPUBLICAN,8/11/2020,MN,2,TYLER,KISTNER,,,WHITE,MAN,WON,NO,YES,PRIMARY CANCELLED,,
REPUBLICAN,8/11/2020,MN,3,LESLIE,DAVIS,,,WHITE,MAN,LOST,YES,NO,,,
REPUBLICAN,8/11/2020,MN,3,KENDALL,QUALLS,,,BLACK,MAN,WON,YES,NO,,,
REPUBLICAN,8/11/2020,MN,4,SIA,LO,,,ASIAN,MAN,LOST,YES,NO,,,https://www.facebook.com/SiaLo4Congress/
REPUBLICAN,8/11/2020,MN,4,GENE,RECHTZIGEL,,,WHITE,MAN,WON,YES,NO,,,
REPUBLICAN,8/11/2020,MN,5,LACY,JOHNSON,,,BLACK,MAN,WON,YES,NO,,,
REPUBLICAN,8/11/2020,MN,5,DANIELLE,STELLA,,,WHITE,WOMAN,LOST,YES,NO,,,
REPUBLICAN,8/11/2020,MN,5,DALIA,AL-AQIDI,,,ASIAN,WOMAN,LOST,YES,NO,,,
REPUBLICAN,8/11/2020,MN,6,TOM,EMMER,,,WHITE,MAN,WON,YES,YES,,,
REPUBLICAN,8/11/2020,MN,6,PATRICK,MUNRO,,,WHITE,MAN,LOST,YES,NO,,,
REPUBLICAN,8/11/2020,MN,7,NOEL,COLLIS,,,WHITE,MAN,LOST,YES,NO,,,https://x.com/collisdr
REPUBLICAN,8/11/2020,MN,7,MICHELLE,FISCHBACH,,,WHITE,WOMAN,WON,YES,NO,,,
REPUBLICAN,8/11/2020,MN,7,DAVE,HUGHES,,,WHITE,MAN,LOST,YES,NO,,,
REPUBLICAN,8/11/2020,MN,7,WILLIAM,LOUWAGIE,,,NOT_FOUND,MAN,LOST,YES,NO,,,
REPUBLICAN,8/11/2020,MN,7,JAYESUN,SHERMAN,,,WHITE,MAN,LOST,YES,NO,,,
REPUBLICAN,8/11/2020,MN,8,PETE,STAUBER,,,WHITE,MAN,WON,YES,YES,,,
REPUBLICAN,8/11/2020,MN,8,HARRY,WELTY,,,WHITE,MAN,LOST,YES,NO,,,
DEMOCRATIC,8/11/2020,VT,1,PETER,WELCH,,,WHITE,MAN,WON,YES,YES,AT-LARGE DISTRICT,,
REPUBLICAN,8/11/2020,VT,1,MIRIAM,BERRY,,,WHITE,WOMAN,WON,YES,NO,AT-LARGE DISTRICT,,
REPUBLICAN,8/11/2020,VT,1,JUSTIN,TUTHILL,,,WHITE,MAN,LOST,YES,NO,AT-LARGE DISTRICT,,
REPUBLICAN,8/11/2020,VT,1,ANYA,TYNIO,,,OTHER,WOMAN,LOST,YES,NO,AT-LARGE DISTRICT,,
REPUBLICAN,8/11/2020,VT,1,JIMMY,RODRIGUEZ,,,WHITE,MAN,LOST,YES,NO,AT-LARGE DISTRICT,,
DEMOCRATIC,8/11/2020,WI,1,JOSH,PADE,,,WHITE,MAN,LOST,YES,NO,,,
DEMOCRATIC,8/11/2020,WI,1,ROGER,POLACK,,,WHITE,MAN,WON,YES,NO,,,
DEMOCRATIC,8/11/2020,WI,2,MARK,POCAN,,,WHITE,MAN,WON,NO,YES,,,
DEMOCRATIC,8/11/2020,WI,3,RONALD,KIND,JAMES,,WHITE,MAN,WON,YES,YES,,,
DEMOCRATIC,8/11/2020,WI,3,MARK,NEUMANN,A,,WHITE,MAN,LOST,YES,NO,,,
DEMOCRATIC,8/11/2020,WI,4,GWEN,MOORE,,,BLACK,WOMAN,WON,NO,YES,,,
DEMOCRATIC,8/11/2020,WI,5,TOM,PALZEWICZ,,,WHITE,MAN,WON,NO,NO,,,
DEMOCRATIC,8/11/2020,WI,6,MICHAEL,BEARDSLEY,,,WHITE,MAN,LOST,YES,NO,,,
DEMOCRATIC,8/11/2020,WI,6,MATTHEW,BOOR,,,WHITE,MAN,LOST,YES,NO,,,
DEMOCRATIC,8/11/2020,WI,6,JESSICA,KING,,,WHITE,WOMAN,WON,YES,NO,,,
DEMOCRATIC,8/11/2020,WI,7,TRICIA,ZUNKER,,,WHITE,WOMAN,WON,NO,NO,,,
DEMOCRATIC,8/11/2020,WI,8,AMANDA,STUCK,,,WHITE,WOMAN,WON,NO,NO,,,
REPUBLICAN,8/11/2020,WI,1,BRYAN,STEIL,,,WHITE,MAN,WON,NO,YES,,,
REPUBLICAN,8/11/2020,WI,2,PETER,THERON,,,WHITE,MAN,WON,NO,NO,,,
REPUBLICAN,8/11/2020,WI,3,JESSI,EBBEN,,,WHITE,WOMAN,LOST,YES,NO,,,
REPUBLICAN,8/11/2020,WI,3,DERRICK,ORDEN,VAN,,WHITE,MAN,WON,YES,NO,,,
REPUBLICAN,8/11/2020,WI,4,TIM,ROGERS,,,BLACK,MAN,WON,YES,NO,,,
REPUBLICAN,8/11/2020,WI,4,CINDY,WERNER,,,BLACK,WOMAN,LOST,YES,NO,,,
REPUBLICAN,8/11/2020,WI,5,CLIFFORD,DETEMPLE,,,WHITE,MAN,LOST,YES,NO,,,
REPUBLICAN,8/11/2020,WI,5,SCOTT,FITZGERALD,,,WHITE,MAN,WON,YES,NO,,,
REPUBLICAN,8/11/2020,WI,6,GLENN,GROTHMAN,,,WHITE,MAN,WON,NO,YES,,,
REPUBLICAN,8/11/2020,WI,7,TOM,TIFFANY,,,WHITE,MAN,WON,NO,YES,,,
REPUBLICAN,8/11/2020,WI,8,MIKE,GALLAGHER,,,WHITE,MAN,WON,NO,YES,,,
DEMOCRATIC,8/18/2020,AK,1,ALYSE,GALVIN,,,WHITE,WOMAN,WON,YES,NO,AT-LARGE DISTRICT,,
DEMOCRATIC,8/18/2020,AK,1,RAY,TUGATUK,,,NOT_FOUND,NOT_FOUND,LOST,YES,NO,AT-LARGE DISTRICT,,
DEMOCRATIC,8/18/2020,AK,1,WILLIAM,HIBLER,,,WHITE,MAN,LOST,YES,NO,AT-LARGE DISTRICT,,
REPUBLICAN,8/18/2020,AK,1,DON,YOUNG,,,WHITE,MAN,WON,YES,YES,,,
REPUBLICAN,8/18/2020,AK,1,THOMAS,NELSON,,,NOT_FOUND,MAN,LOST,YES,NO,,,
REPUBLICAN,8/18/2020,AK,1,GERALD,HEIKES,,,WHITE,MAN,LOST,YES,NO,,,https://www.adn.com/politics/2024/08/11/attacks-on-relatively-unknown-gop-candidate-for-alaskas-us-house-seat-could-shape-primary-results/
DEMOCRATIC,8/18/2020,FL,1,PHIL,EHR,,,WHITE,MAN,WON,NO,NO,PRIMARY CANCELLED,,
DEMOCRATIC,8/18/2020,FL,3,ADAM,CHRISTENSEN,,,WHITE,MAN,WON,YES,NO,,,
DEMOCRATIC,8/18/2020,FL,3,PHILIP,DODDS,,,WHITE,MAN,LOST,YES,NO,,,
DEMOCRATIC,8/18/2020,FL,3,TOM,WELLS,,,WHITE,MAN,LOST,YES,NO,,,
DEMOCRATIC,8/18/2020,FL,4,DONNA,DEEGAN,,,WHITE,WOMAN,WON,NO,NO,PRIMARY CANCELLED,,
DEMOCRATIC,8/18/2020,FL,5,ALFRED,LAWSON,,,BLACK,MAN,WON,YES,YES,,,
DEMOCRATIC,8/18/2020,FL,5,ALBERT,CHESTER,,,BLACK,MAN,LOST,YES,NO,,,
DEMOCRATIC,8/18/2020,FL,5,LASHONDA,HOLLOWAY,,,BLACK,WOMAN,LOST,YES,NO,,,
DEMOCRATIC,8/18/2020,FL,6,CLINTON,CURTIS,,,WHITE,MAN,WON,YES,NO,,,
DEMOCRATIC,8/18/2020,FL,6,RICHARD,THRIPP,,,WHITE,MAN,LOST,YES,NO,,,
DEMOCRATIC,8/18/2020,FL,7,STEPHANIE,MURPHY,,,ASIAN,WOMAN,WON,NO,YES,,,
DEMOCRATIC,8/18/2020,FL,8,JIM,KENNEDY,,,WHITE,MAN,WON,NO,NO,PRIMARY CANCELLED,,
DEMOCRATIC,8/18/2020,FL,9,DARREN,SOTO,,,WHITE,MAN,WON,NO,YES,PRIMARY CANCELLED,,
DEMOCRATIC,8/18/2020,FL,10,VAL,DEMINGS,,,BLACK,WOMAN,WON,NO,YES,PRIMARY CANCELLED,,
DEMOCRATIC,8/18/2020,FL,11,DANA,COTTRELL,,,WHITE,WOMAN,WON,NO,NO,PRIMARY CANCELLED,,
DEMOCRATIC,8/18/2020,FL,12,KIMBERLY,WALKER,,,BLACK,WOMAN,WON,NO,NO,PRIMARY CANCELLED,,
DEMOCRATIC,8/18/2020,FL,13,CHARLIE,CRIST,,,WHITE,MAN,WON,NO,YES,PRIMARY CANCELLED,,
DEMOCRATIC,8/18/2020,FL,14,KATHY,CASTOR,,,WHITE,WOMAN,WON,NO,YES,PRIMARY CANCELLED,,
DEMOCRATIC,8/18/2020,FL,15,ALAN,COHN,,,WHITE,MAN,WON,YES,NO,,,
DEMOCRATIC,8/18/2020,FL,15,ADAM,HATTERSLEY,,,WHITE,MAN,LOST,YES,NO,,,
DEMOCRATIC,8/18/2020,FL,15,JESSE,PHLIPPE,,,BLACK,MAN,LOST,YES,NO,,,
DEMOCRATIC,8/18/2020,FL,15,KEL,BRITVEC,,,WHITE,MAN,LOST,YES,NO,,,
DEMOCRATIC,8/18/2020,FL,16,MARGARET,GOOD,,,WHITE,WOMAN,WON,NO,NO,PRIMARY CANCELLED,,
DEMOCRATIC,8/18/2020,FL,17,ALLEN,ELLISON,,,BLACK,MAN,WON,NO,NO,PRIMARY CANCELLED,,
DEMOCRATIC,8/18/2020,FL,18,PAM,KEITH,,,BLACK,WOMAN,WON,YES,NO,,,
DEMOCRATIC,8/18/2020,FL,18,OZ,VAZQUEZ,,,HISPANIC,MAN,LOST,YES,NO,,,
DEMOCRATIC,8/18/2020,FL,19,CINDY,BANYAI,,,WHITE,WOMAN,WON,YES,NO,,,
DEMOCRATIC,8/18/2020,FL,19,DAVID,HOLDEN,,,WHITE,MAN,LOST,YES,NO,,,
DEMOCRATIC,8/18/2020,FL,20,ALCEE,HASTINGS,,,BLACK,MAN,WON,YES,YES,,,
DEMOCRATIC,8/18/2020,FL,20,SHEILA,CHERFILUS-MCCORMICK,,,BLACK,WOMAN,LOST,YES,NO,,,
DEMOCRATIC,8/18/2020,FL,21,LOIS,FRANKEL,,,WHITE,WOMAN,WON,YES,YES,,,
DEMOCRATIC,8/18/2020,FL,21,GUIDO,WEISS,,,WHITE,MAN,LOST,YES,NO,,,
DEMOCRATIC,8/18/2020,FL,22,THEODORE,DEUTCH,E,,WHITE,MAN,WON,NO,YES,PRIMARY CANCELLED,,
DEMOCRATIC,8/18/2020,FL,23,DEBBIE,SCHULTZ,WASSERMAN,,WHITE,WOMAN,WON,YES,YES,,,
DEMOCRATIC,8/18/2020,FL,23,JEN,PERELMAN,,,WHITE,WOMAN,LOST,YES,NO,,,
DEMOCRATIC,8/18/2020,FL,24,FREDERICA,WILSON,S,,BLACK,WOMAN,WON,YES,YES,,,
DEMOCRATIC,8/18/2020,FL,24,RICARDO,DE LA FUENTE,,,HISPANIC,MAN,LOST,YES,NO,,,
DEMOCRATIC,8/18/2020,FL,24,SAKINAH,LEHTOLA,,,BLACK,WOMAN,LOST,YES,NO,,,
DEMOCRATIC,8/18/2020,FL,26,DEBBIE,MUCARSEL-POWELL,,,WHITE,WOMAN,WON,NO,YES,PRIMARY CANCELLED,,
DEMOCRATIC,8/18/2020,FL,27,DONNA,SHALALA,,,ASIAN,WOMAN,WON,NO,YES,PRIMARY CANCELLED,,
REPUBLICAN,8/18/2020,FL,1,MATT,GAETZ,,,WHITE,MAN,WON,YES,YES,,,
REPUBLICAN,8/18/2020,FL,1,GREG,MERK,,,WHITE,MAN,LOST,YES,NO,,,
REPUBLICAN,8/18/2020,FL,1,JOHN,MILLS,,,WHITE,MAN,LOST,YES,NO,,,
REPUBLICAN,8/18/2020,FL,2,NEAL,DUNN,,,WHITE,MAN,WON,NO,YES,PRIMARY CANCELLED,,
REPUBLICAN,8/18/2020,FL,3,KAT,CAMMACK,,,WHITE,WOMAN,WON,YES,NO,,,
REPUBLICAN,8/18/2020,FL,3,RYAN,CHAMBERLIN,,,WHITE,MAN,LOST,YES,NO,,,
REPUBLICAN,8/18/2020,FL,3,TODD,CHASE,,,WHITE,MAN,LOST,YES,NO,,,
REPUBLICAN,8/18/2020,FL,3,BILL,ENGELBRECHT,,,WHITE,MAN,LOST,YES,NO,,,
REPUBLICAN,8/18/2020,FL,3,JOE,MILLADO,DALLAS,,WHITE,MAN,LOST,YES,NO,,,
REPUBLICAN,8/18/2020,FL,3,AMY,WELLS,POPE,,WHITE,WOMAN,LOST,YES,NO,,,
REPUBLICAN,8/18/2020,FL,3,GAVIN,ROLLINS,,,WHITE,MAN,LOST,YES,NO,,,
REPUBLICAN,8/18/2020,FL,3,JUDSON,SAPP,,,WHITE,MAN,LOST,YES,NO,,,
REPUBLICAN,8/18/2020,FL,3,JAMES,ST GEORGE,,,WHITE,MAN,LOST,YES,NO,,,
REPUBLICAN,8/18/2020,FL,3,DAVID,THEUS,,,WHITE,MAN,LOST,YES,NO,,,
REPUBLICAN,8/18/2020,FL,4,JOHN,RUTHERFORD,,,WHITE,MAN,WON,YES,YES,,,
REPUBLICAN,8/18/2020,FL,4,ERICK,AGUILAR,,,HISPANIC,MAN,LOST,YES,NO,,,
REPUBLICAN,8/18/2020,FL,5,GARY,ADLER,,,WHITE,MAN,WON,YES,NO,,,
REPUBLICAN,8/18/2020,FL,5,ROGER,WAGONER,,,NOT_FOUND,MAN,LOST,YES,NO,,,
REPUBLICAN,8/18/2020,FL,6,MICHAEL,WALTZ,,,WHITE,MAN,WON,NO,YES,PRIMARY CANCELLED,,
REPUBLICAN,8/18/2020,FL,7,RICHARD,GOBLE,,,WHITE,MAN,LOST,YES,NO,,,
REPUBLICAN,8/18/2020,FL,7,LEO,VALENTIN,,,WHITE,MAN,WON,YES,NO,,,
REPUBLICAN,8/18/2020,FL,7,MIKE,ZHAO,,,ASIAN,MAN,LOST,YES,NO,,,
REPUBLICAN,8/18/2020,FL,8,BILL,POSEY,,,WHITE,MAN,WON,YES,YES,,,
REPUBLICAN,8/18/2020,FL,8,SCOTT,CAINE,,,WHITE,MAN,LOST,YES,NO,,,https://www.floridatoday.com/story/news/politics/elections/2020/07/18/congressional-candidates-report-six-figure-campaign-contribution-totals/5460378002/
REPUBLICAN,8/18/2020,FL,9,JOSE,CASTILLO,,,HISPANIC,MAN,LOST,YES,NO,,,
REPUBLICAN,8/18/2020,FL,9,BILL,OLSON,,,WHITE,MAN,WON,YES,NO,,,
REPUBLICAN,8/18/2020,FL,9,SERGIO,ORTIZ,,,HISPANIC,MAN,LOST,YES,NO,,,
REPUBLICAN,8/18/2020,FL,9,CHRISTOPHER,WRIGHT,,,WHITE,MAN,LOST,YES,NO,,,
REPUBLICAN,8/18/2020,FL,10,VENNIA,FRANCOIS,,,BLACK,WOMAN,WON,YES,NO,,,
REPUBLICAN,8/18/2020,FL,10,WILLIE,MONTAGUE,,,BLACK,MAN,LOST,YES,NO,,,
REPUBLICAN,8/18/2020,FL,11,DANIEL,WEBSTER,,,WHITE,MAN,WON,NO,YES,PRIMARY CANCELLED,,
REPUBLICAN,8/18/2020,FL,12,GUS,BILIRAKIS,M,,WHITE,MAN,WON,NO,YES,PRIMARY CANCELLED,,
REPUBLICAN,8/18/2020,FL,13,GEORGE,BUCK,,,WHITE,MAN,LOST,YES,NO,,,
REPUBLICAN,8/18/2020,FL,13,SHEILA,GRIFFIN,,,BLACK,WOMAN,LOST,YES,NO,,,
REPUBLICAN,8/18/2020,FL,13,ANNA,LUNA,PAULINA,,WHITE,WOMAN,WON,YES,NO,,,
REPUBLICAN,8/18/2020,FL,13,AMANDA,MAKKI,,,WHITE,WOMAN,LOST,YES,NO,,,
REPUBLICAN,8/18/2020,FL,13,SHARON,NEWBY,BARRY,,WHITE,WOMAN,WITHDREW,YES,NO,,,
REPUBLICAN,8/18/2020,FL,14,PAUL,ELLIOTT,SIDNEY,,WHITE,MAN,LOST,YES,NO,,,
REPUBLICAN,8/18/2020,FL,14,CHRISTINE,QUINN,,,WHITE,WOMAN,WON,YES,NO,,,
REPUBLICAN,8/18/2020,FL,15,ROSS,SPANO,,,WHITE,MAN,LOST,YES,YES,,,
REPUBLICAN,8/18/2020,FL,15,SCOTT,FRANKLIN,,,WHITE,MAN,WON,YES,NO,,,
REPUBLICAN,8/18/2020,FL,16,VERN,BUCHANAN,,,WHITE,MAN,WON,NO,YES,PRIMARY CANCELLED,,
REPUBLICAN,8/18/2020,FL,17,GREG,STEUBE,,,WHITE,MAN,WON,NO,YES,PRIMARY CANCELLED,,
REPUBLICAN,8/18/2020,FL,18,BRIAN,MAST,,,WHITE,MAN,WON,YES,YES,,,
REPUBLICAN,8/18/2020,FL,18,NICHOLAS,VESSIO,,,WHITE,MAN,LOST,YES,NO,,,
REPUBLICAN,8/18/2020,FL,19,DARREN,AQUINO,DIONE,,WHITE,MAN,LOST,YES,NO,,,
REPUBLICAN,8/18/2020,FL,19,CASEY,ASKAR,,,ASIAN,MAN,LOST,YES,NO,,,
REPUBLICAN,8/18/2020,FL,19,BYRON,DONALDS,,,BLACK,MAN,WON,YES,NO,,,
REPUBLICAN,8/18/2020,FL,19,DANE,EAGLE,,,WHITE,MAN,LOST,YES,NO,,,
REPUBLICAN,8/18/2020,FL,19,WILLIAM,FIGLESTHALER,,,WHITE,MAN,LOST,YES,NO,,,
REPUBLICAN,8/18/2020,FL,19,RANDY,HENDERSON,,,WHITE,MAN,LOST,YES,NO,,,
REPUBLICAN,8/18/2020,FL,19,DANIEL,KOWAL,,,WHITE,MAN,LOST,YES,NO,,,
REPUBLICAN,8/18/2020,FL,19,CHRISTY,MCLAUGHLIN,,,WHITE,WOMAN,LOST,YES,NO,,,
REPUBLICAN,8/18/2020,FL,19,DAN,SEVERSON,,,WHITE,MAN,LOST,YES,NO,,,
REPUBLICAN,8/18/2020,FL,20,VIC,DEGRAMMONT,,,BLACK,MAN,LOST,YES,NO,,,
REPUBLICAN,8/18/2020,FL,20,GREG,MUSSELWHITE,,,WHITE,MAN,WON,YES,NO,,,
REPUBLICAN,8/18/2020,FL,21,CHRISTIAN,ACOSTA,,,WHITE,MAN,LOST,YES,NO,,,
REPUBLICAN,8/18/2020,FL,21,ELIZABETH,FELTON,,,WHITE,WOMAN,LOST,YES,NO,,,
REPUBLICAN,8/18/2020,FL,21,LAURA,LOOMER,,,WHITE,WOMAN,WON,YES,NO,,,
REPUBLICAN,8/18/2020,FL,21,AARON,SCANLAN,,,WHITE,MAN,LOST,YES,NO,,,https://www.google.com/search?q=AARON%09SCANLAN+FLORIDA&sca_esv=e726c1486e887bfa&udm=2&biw=750&bih=823&ei=-BF7Z9WjCvCWkPIPzPrAuQ4&ved=0ahUKEwjV_8O32t-KAxVwC0QIHUw9MOcQ4dUDCBE&uact=5&oq=AARON%09SCANLAN+FLORIDA&gs_lp=EgNpbWciFUFBUk9OCVNDQU5MQU4gRkxPUklEQUjRHFCvGlivGnACeACQAQCYATGgATGqAQExuAEDyAEA-AEC-AEBmAIAoAIAmAMAiAYBkgcAoAct&sclient=img#vhid=S8sD-PBsU67q8M&vssid=mosaic
REPUBLICAN,8/18/2020,FL,21,REBA,SHERRILL,,,WHITE,WOMAN,LOST,YES,NO,,,
REPUBLICAN,8/18/2020,FL,21,MICHAEL,VILARDI,,,WHITE,MAN,LOST,YES,NO,,,
REPUBLICAN,8/18/2020,FL,22,DARLENE,SWAFFAR,CEREZO,,WHITE,WOMAN,LOST,YES,NO,,,
REPUBLICAN,8/18/2020,FL,22,FRAN,FLYNN,,,WHITE,WOMAN,LOST,YES,NO,,,
REPUBLICAN,8/18/2020,FL,22,JESSI,MELTON,,,WHITE,WOMAN,LOST,YES,NO,,,
REPUBLICAN,8/18/2020,FL,22,JAMES,PRUDEN,,,WHITE,MAN,WON,YES,NO,,,
REPUBLICAN,8/18/2020,FL,23,MICHAEL,KROSKE,,,WHITE,MAN,LOST,YES,NO,,,
REPUBLICAN,8/18/2020,FL,23,CARLA,SPALDING,,,BLACK,WOMAN,WON,YES,NO,,,
REPUBLICAN,8/18/2020,FL,24,LAVERN,SPICER,,,BLACK,WOMAN,WON,NO,NO,PRIMARY CANCELLED,,
REPUBLICAN,8/18/2020,FL,25,MARIO,DIAZ-BALART,,,HISPANIC,MAN,WON,NO,YES,PRIMARY CANCELLED,,
REPUBLICAN,8/18/2020,FL,26,OMAR,BLANCO,,,WHITE,MAN,LOST,YES,NO,,,
REPUBLICAN,8/18/2020,FL,26,CARLOS,GIMENEZ,,,HISPANIC,MAN,WON,YES,NO,,,
REPUBLICAN,8/18/2020,FL,27,JUAN,FIOL,,,HISPANIC,MAN,LOST,YES,NO,,,
REPUBLICAN,8/18/2020,FL,27,RAYMOND,MOLINA,,,HISPANIC,MAN,LOST,YES,NO,,,
REPUBLICAN,8/18/2020,FL,27,MARIA,SALAZAR,ELVIRA,,HISPANIC,WOMAN,WON,YES,NO,,,
DEMOCRATIC,8/18/2020,WY,1,LYNNETTE,BULL,GREY,,OTHER,WOMAN,WON,YES,NO,NATIVE AMERICAN,,
DEMOCRATIC,8/18/2020,WY,1,CAROL,HAFNER,,,WHITE,WOMAN,LOST,YES,NO,,,
DEMOCRATIC,8/18/2020,WY,1,CARL,BEACH,,,WHITE,MAN,LOST,YES,NO,,,
REPUBLICAN,8/18/2020,WY,1,LIZ,CHENEY,,,WHITE,WOMAN,WON,YES,YES,,,
REPUBLICAN,8/18/2020,WY,1,BLAKE,STANLEY,,,WHITE,MAN,LOST,YES,NO,,,https://www.youtube.com/watch?v=byEWx9kNA4M
DEMOCRATIC,9/1/2020,MA,1,RICHARD,NEAL,,,WHITE,MAN,WON,YES,YES,,,
DEMOCRATIC,9/1/2020,MA,1,ALEX,MORSE,,,WHITE,MAN,LOST,YES,NO,,,
DEMOCRATIC,9/1/2020,MA,2,JIM,MCGOVERN,,,WHITE,MAN,WON,NO,YES,,,
DEMOCRATIC,9/1/2020,MA,3,LORI,TRAHAN,,,WHITE,WOMAN,WON,NO,YES,,,
DEMOCRATIC,9/1/2020,MA,4,JAKE,AUCHINCLOSS,,,WHITE,MAN,WON,YES,NO,,,
DEMOCRATIC,9/1/2020,MA,4,DAVE,CAVELL,,,WHITE,MAN,WITHDREW,YES,NO,,,
DEMOCRATIC,9/1/2020,MA,4,BECKY,CROSSMAN,,,WHITE,WOMAN,LOST,YES,NO,,,
DEMOCRATIC,9/1/2020,MA,4,ALAN,KHAZEI,,,WHITE,MAN,LOST,YES,NO,,,
DEMOCRATIC,9/1/2020,MA,4,IHSSANE,LECKEY,,,ASIAN,WOMAN,LOST,YES,NO,,,
DEMOCRATIC,9/1/2020,MA,4,NATALIA,LINOS,,,WHITE,WOMAN,LOST,YES,NO,,,
DEMOCRATIC,9/1/2020,MA,4,JESSE,MERMELL,,,WHITE,WOMAN,LOST,YES,NO,,,
DEMOCRATIC,9/1/2020,MA,4,BEN,SIGEL,,,WHITE,MAN,LOST,YES,NO,,,
DEMOCRATIC,9/1/2020,MA,4,CHRIS,ZANNETOS,,,WHITE,MAN,WITHDREW,YES,NO,,,
DEMOCRATIC,9/1/2020,MA,5,KATHERINE,CLARK,,,WHITE,WOMAN,WON,NO,YES,,,
DEMOCRATIC,9/1/2020,MA,6,SETH,MOULTON,,,WHITE,MAN,WON,YES,YES,,,
DEMOCRATIC,9/1/2020,MA,6,ANGUS,MCQUILKEN,,,WHITE,MAN,LOST,YES,NO,,,
DEMOCRATIC,9/1/2020,MA,6,JAMIE,BELSITO,ZAHLAWAY,,WHITE,WOMAN,LOST,YES,NO,,,
DEMOCRATIC,9/1/2020,MA,7,AYANNA,PRESSLEY,,,BLACK,WOMAN,WON,NO,YES,,,
DEMOCRATIC,9/1/2020,MA,8,STEPHEN,LYNCH,,,WHITE,MAN,WON,YES,YES,,,
DEMOCRATIC,9/1/2020,MA,8,ROBBIE,GOLDSTEIN,,,WHITE,MAN,LOST,YES,NO,,,
DEMOCRATIC,9/1/2020,MA,9,BILL,KEATING,,,WHITE,MAN,WON,NO,YES,,,
REPUBLICAN,9/1/2020,MA,2,TRACY,LOVVORN,,,WHITE,WOMAN,WON,NO,NO,,,
REPUBLICAN,9/1/2020,MA,4,JULIE,HALL,,,WHITE,WOMAN,WON,YES,NO,,,
REPUBLICAN,9/1/2020,MA,4,DAVID,ROSA,,,WHITE,MAN,LOST,YES,NO,,,
REPUBLICAN,9/1/2020,MA,5,CAROLINE,COLARUSSO,,,WHITE,WOMAN,WON,NO,NO,,,
REPUBLICAN,9/1/2020,MA,6,JOHN,MORAN,PAUL,,WHITE,MAN,WON,NO,NO,,,
REPUBLICAN,9/1/2020,MA,7,RAYLA,CAMPBELL,,,BLACK,WOMAN,LOST,YES,NO,ONLY WRITE-INS,,
REPUBLICAN,9/1/2020,MA,7,RACHEL,MISELMAN,,,ASIAN,WOMAN,LOST,YES,NO,ONLY WRITE-INS,,https://www.facebook.com/Miselman4StateCommittee/
REPUBLICAN,9/1/2020,MA,9,HELEN,BRADY,,,WHITE,WOMAN,WON,NO,NO,,,
DEMOCRATIC,9/8/2020,NH,1,CHRIS,PAPPAS,,,WHITE,MAN,WON,NO,YES,,,
DEMOCRATIC,9/8/2020,NH,2,ANNIE,KUSTER,,,WHITE,WOMAN,WON,YES,YES,,,
DEMOCRATIC,9/8/2020,NH,2,JOSEPH,MIRZOEFF,,,WHITE,MAN,LOST,YES,NO,,,
REPUBLICAN,9/8/2020,NH,1,MICHAEL,CALLIS,,,WHITE,MAN,LOST,YES,NO,,,
REPUBLICAN,9/8/2020,NH,1,JEFF,DENARO,,,WHITE,MAN,LOST,YES,NO,,,
REPUBLICAN,9/8/2020,NH,1,MATT,MAYBERRY,,,WHITE,MAN,LOST,YES,NO,,,
REPUBLICAN,9/8/2020,NH,1,MATT,MOWERS,,,WHITE,MAN,WON,YES,NO,,,
REPUBLICAN,9/8/2020,NH,1,KEVIN,RONDEAU,,,WHITE,MAN,LOST,YES,NO,,,
REPUBLICAN,9/8/2020,NH,2,MATTHEW,BJELOBRK,,,WHITE,WOMAN,LOST,YES,NO,,,
REPUBLICAN,9/8/2020,NH,2,LYNNE,BLANKENBEKER,,,WHITE,WOMAN,LOST,YES,NO,,,https://www.wmur.com/article/lynne-blankenbeker-republican-candidate-for-2nd-cd-seat/22794498
REPUBLICAN,9/8/2020,NH,2,ELI,CLEMMER,,,WHITE,MAN,LOST,YES,NO,,,https://www.wmur.com/article/2020-candidate-biography-eli-clemmer/33476339
REPUBLICAN,9/8/2020,NH,2,STEVE,NEGRON,,,WHITE,MAN,WON,YES,NO,,,
DEMOCRATIC,9/8/2020,RI,1,DAVID,CICILLINE,N,,WHITE,MAN,WON,NO,YES,,,
DEMOCRATIC,9/8/2020,RI,2,JIM,LANGEVIN,,,WHITE,MAN,WON,YES,YES,,,
DEMOCRATIC,9/8/2020,RI,2,DYLAN,CONLEY,,,WHITE,MAN,LOST,YES,NO,,,
REPUBLICAN,9/8/2020,RI,2,ROBERT,LANCIA,,,WHITE,MAN,WON,YES,NO,,,
REPUBLICAN,9/8/2020,RI,2,DONALD,ROBBIO,F,,NOT_FOUND,MAN,LOST,YES,NO,,,
DEMOCRATIC,9/15/2020,DE,1,LISA,ROCHESTER,BLUNT,,BLACK,WOMAN,WON,NO,YES,PRIMARY CANCELLED; AT-LARGE DISTRICT,,
REPUBLICAN,9/15/2020,DE,1,LEE,MURPHY,,,WHITE,MAN,WON,YES,NO,AT-LARGE DISTRICT,,
REPUBLICAN,9/15/2020,DE,1,MATTHEW,MORRIS,,,WHITE,MAN,LOST,YES,NO,AT-LARGE DISTRICT,,